Centre Image,Left Image,Right Image,Steering,Throttle,Reverse,Speed
D:\IMG\center_2023_09_28_15_15_44_166.jpg,D:\IMG\left_2023_09_28_15_15_44_166.jpg,D:\IMG\right_2023_09_28_15_15_44_166.jpg,0,0,0,3.652029
D:\IMG\center_2023_09_28_15_15_44_243.jpg,D:\IMG\left_2023_09_28_15_15_44_243.jpg,D:\IMG\right_2023_09_28_15_15_44_243.jpg,0,0,0,3.622382
D:\IMG\center_2023_09_28_15_15_44_320.jpg,D:\IMG\left_2023_09_28_15_15_44_320.jpg,D:\IMG\right_2023_09_28_15_15_44_320.jpg,0,0,0,3.592974
D:\IMG\center_2023_09_28_15_15_44_396.jpg,D:\IMG\left_2023_09_28_15_15_44_396.jpg,D:\IMG\right_2023_09_28_15_15_44_396.jpg,0,0,0,3.563803
D:\IMG\center_2023_09_28_15_15_44_472.jpg,D:\IMG\left_2023_09_28_15_15_44_472.jpg,D:\IMG\right_2023_09_28_15_15_44_472.jpg,0,0,0,3.542078
D:\IMG\center_2023_09_28_15_15_44_548.jpg,D:\IMG\left_2023_09_28_15_15_44_548.jpg,D:\IMG\right_2023_09_28_15_15_44_548.jpg,0,0,0,3.513316
D:\IMG\center_2023_09_28_15_15_44_626.jpg,D:\IMG\left_2023_09_28_15_15_44_626.jpg,D:\IMG\right_2023_09_28_15_15_44_626.jpg,0,0,0,3.484785
D:\IMG\center_2023_09_28_15_15_44_702.jpg,D:\IMG\left_2023_09_28_15_15_44_702.jpg,D:\IMG\right_2023_09_28_15_15_44_702.jpg,0,0,0,3.456483
D:\IMG\center_2023_09_28_15_15_44_779.jpg,D:\IMG\left_2023_09_28_15_15_44_779.jpg,D:\IMG\right_2023_09_28_15_15_44_779.jpg,0,0,0,3.428408
D:\IMG\center_2023_09_28_15_15_44_855.jpg,D:\IMG\left_2023_09_28_15_15_44_855.jpg,D:\IMG\right_2023_09_28_15_15_44_855.jpg,0,0,0,3.40056
D:\IMG\center_2023_09_28_15_15_44_930.jpg,D:\IMG\left_2023_09_28_15_15_44_930.jpg,D:\IMG\right_2023_09_28_15_15_44_930.jpg,0,0,0,3.37982
D:\IMG\center_2023_09_28_15_15_45_008.jpg,D:\IMG\left_2023_09_28_15_15_45_008.jpg,D:\IMG\right_2023_09_28_15_15_45_008.jpg,0,0.1844898,0,3.423458
D:\IMG\center_2023_09_28_15_15_45_084.jpg,D:\IMG\left_2023_09_28_15_15_45_084.jpg,D:\IMG\right_2023_09_28_15_15_45_084.jpg,0,0.4130121,0,3.688905
D:\IMG\center_2023_09_28_15_15_45_160.jpg,D:\IMG\left_2023_09_28_15_15_45_160.jpg,D:\IMG\right_2023_09_28_15_15_45_160.jpg,0,0.6411123,0,4.187097
D:\IMG\center_2023_09_28_15_15_45_237.jpg,D:\IMG\left_2023_09_28_15_15_45_237.jpg,D:\IMG\right_2023_09_28_15_15_45_237.jpg,0,0.8722419,0,4.908086
D:\IMG\center_2023_09_28_15_15_45_311.jpg,D:\IMG\left_2023_09_28_15_15_45_311.jpg,D:\IMG\right_2023_09_28_15_15_45_311.jpg,0,1,0,5.578403
D:\IMG\center_2023_09_28_15_15_45_389.jpg,D:\IMG\left_2023_09_28_15_15_45_389.jpg,D:\IMG\right_2023_09_28_15_15_45_389.jpg,-0.05,1,0,6.499031
D:\IMG\center_2023_09_28_15_15_45_465.jpg,D:\IMG\left_2023_09_28_15_15_45_465.jpg,D:\IMG\right_2023_09_28_15_15_45_465.jpg,-0.25,1,0,7.400331
D:\IMG\center_2023_09_28_15_15_45_557.jpg,D:\IMG\left_2023_09_28_15_15_45_557.jpg,D:\IMG\right_2023_09_28_15_15_45_557.jpg,-0.5000001,1,0,8.486403
D:\IMG\center_2023_09_28_15_15_45_630.jpg,D:\IMG\left_2023_09_28_15_15_45_630.jpg,D:\IMG\right_2023_09_28_15_15_45_630.jpg,0,1,0,9.116472
D:\IMG\center_2023_09_28_15_15_45_707.jpg,D:\IMG\left_2023_09_28_15_15_45_707.jpg,D:\IMG\right_2023_09_28_15_15_45_707.jpg,0,1,0,9.9994
D:\IMG\center_2023_09_28_15_15_45_778.jpg,D:\IMG\left_2023_09_28_15_15_45_778.jpg,D:\IMG\right_2023_09_28_15_15_45_778.jpg,0,1,0,10.88539
D:\IMG\center_2023_09_28_15_15_45_857.jpg,D:\IMG\left_2023_09_28_15_15_45_857.jpg,D:\IMG\right_2023_09_28_15_15_45_857.jpg,0,1,0,11.60175
D:\IMG\center_2023_09_28_15_15_45_932.jpg,D:\IMG\left_2023_09_28_15_15_45_932.jpg,D:\IMG\right_2023_09_28_15_15_45_932.jpg,0,1,0,12.45871
D:\IMG\center_2023_09_28_15_15_46_011.jpg,D:\IMG\left_2023_09_28_15_15_46_011.jpg,D:\IMG\right_2023_09_28_15_15_46_011.jpg,0,1,0,13.16704
D:\IMG\center_2023_09_28_15_15_46_087.jpg,D:\IMG\left_2023_09_28_15_15_46_087.jpg,D:\IMG\right_2023_09_28_15_15_46_087.jpg,0,1,0,14.26371
D:\IMG\center_2023_09_28_15_15_46_163.jpg,D:\IMG\left_2023_09_28_15_15_46_163.jpg,D:\IMG\right_2023_09_28_15_15_46_163.jpg,0,1,0,15.10674
D:\IMG\center_2023_09_28_15_15_46_240.jpg,D:\IMG\left_2023_09_28_15_15_46_240.jpg,D:\IMG\right_2023_09_28_15_15_46_240.jpg,-0.2,1,0,15.92601
D:\IMG\center_2023_09_28_15_15_46_317.jpg,D:\IMG\left_2023_09_28_15_15_46_317.jpg,D:\IMG\right_2023_09_28_15_15_46_317.jpg,-0.4,1,0,16.70677
D:\IMG\center_2023_09_28_15_15_46_486.jpg,D:\IMG\left_2023_09_28_15_15_46_486.jpg,D:\IMG\right_2023_09_28_15_15_46_486.jpg,-0.25,1,0,18.33769
D:\IMG\center_2023_09_28_15_15_46_558.jpg,D:\IMG\left_2023_09_28_15_15_46_558.jpg,D:\IMG\right_2023_09_28_15_15_46_558.jpg,0,1,0,19.14031
D:\IMG\center_2023_09_28_15_15_46_660.jpg,D:\IMG\left_2023_09_28_15_15_46_660.jpg,D:\IMG\right_2023_09_28_15_15_46_660.jpg,0,1,0,20.02804
D:\IMG\center_2023_09_28_15_15_46_786.jpg,D:\IMG\left_2023_09_28_15_15_46_786.jpg,D:\IMG\right_2023_09_28_15_15_46_786.jpg,0,1,0,21.25686
D:\IMG\center_2023_09_28_15_15_46_854.jpg,D:\IMG\left_2023_09_28_15_15_46_854.jpg,D:\IMG\right_2023_09_28_15_15_46_854.jpg,0,1,0,22.06632
D:\IMG\center_2023_09_28_15_15_46_923.jpg,D:\IMG\left_2023_09_28_15_15_46_923.jpg,D:\IMG\right_2023_09_28_15_15_46_923.jpg,0,1,0,22.69331
D:\IMG\center_2023_09_28_15_15_46_989.jpg,D:\IMG\left_2023_09_28_15_15_46_989.jpg,D:\IMG\right_2023_09_28_15_15_46_989.jpg,-0.05,1,0,23.26158
D:\IMG\center_2023_09_28_15_15_47_057.jpg,D:\IMG\left_2023_09_28_15_15_47_057.jpg,D:\IMG\right_2023_09_28_15_15_47_057.jpg,-0.25,1,0,24.01656
D:\IMG\center_2023_09_28_15_15_47_139.jpg,D:\IMG\left_2023_09_28_15_15_47_139.jpg,D:\IMG\right_2023_09_28_15_15_47_139.jpg,0,1,0,24.78773
D:\IMG\center_2023_09_28_15_15_47_221.jpg,D:\IMG\left_2023_09_28_15_15_47_221.jpg,D:\IMG\right_2023_09_28_15_15_47_221.jpg,0,1,0,25.55453
D:\IMG\center_2023_09_28_15_15_47_301.jpg,D:\IMG\left_2023_09_28_15_15_47_301.jpg,D:\IMG\right_2023_09_28_15_15_47_301.jpg,-0.2,1,0,26.30203
D:\IMG\center_2023_09_28_15_15_47_382.jpg,D:\IMG\left_2023_09_28_15_15_47_382.jpg,D:\IMG\right_2023_09_28_15_15_47_382.jpg,-0.4,1,0,26.97601
D:\IMG\center_2023_09_28_15_15_47_463.jpg,D:\IMG\left_2023_09_28_15_15_47_463.jpg,D:\IMG\right_2023_09_28_15_15_47_463.jpg,-0.6000001,1,0,27.56086
D:\IMG\center_2023_09_28_15_15_47_542.jpg,D:\IMG\left_2023_09_28_15_15_47_542.jpg,D:\IMG\right_2023_09_28_15_15_47_542.jpg,-0.8000001,1,0,28.05515
D:\IMG\center_2023_09_28_15_15_47_622.jpg,D:\IMG\left_2023_09_28_15_15_47_622.jpg,D:\IMG\right_2023_09_28_15_15_47_622.jpg,-1,1,0,28.46518
D:\IMG\center_2023_09_28_15_15_47_703.jpg,D:\IMG\left_2023_09_28_15_15_47_703.jpg,D:\IMG\right_2023_09_28_15_15_47_703.jpg,-1,1,0,28.8995
D:\IMG\center_2023_09_28_15_15_47_785.jpg,D:\IMG\left_2023_09_28_15_15_47_785.jpg,D:\IMG\right_2023_09_28_15_15_47_785.jpg,0,1,0,29.52918
D:\IMG\center_2023_09_28_15_15_47_854.jpg,D:\IMG\left_2023_09_28_15_15_47_854.jpg,D:\IMG\right_2023_09_28_15_15_47_854.jpg,0,1,0,30.17441
D:\IMG\center_2023_09_28_15_15_47_920.jpg,D:\IMG\left_2023_09_28_15_15_47_920.jpg,D:\IMG\right_2023_09_28_15_15_47_920.jpg,0.15,1,0,30.17053
D:\IMG\center_2023_09_28_15_15_47_990.jpg,D:\IMG\left_2023_09_28_15_15_47_990.jpg,D:\IMG\right_2023_09_28_15_15_47_990.jpg,0.3,1,0,30.15733
D:\IMG\center_2023_09_28_15_15_48_073.jpg,D:\IMG\left_2023_09_28_15_15_48_073.jpg,D:\IMG\right_2023_09_28_15_15_48_073.jpg,0,1,0,30.18722
D:\IMG\center_2023_09_28_15_15_48_153.jpg,D:\IMG\left_2023_09_28_15_15_48_153.jpg,D:\IMG\right_2023_09_28_15_15_48_153.jpg,0,1,0,30.19005
D:\IMG\center_2023_09_28_15_15_48_220.jpg,D:\IMG\left_2023_09_28_15_15_48_220.jpg,D:\IMG\right_2023_09_28_15_15_48_220.jpg,0,1,0,30.18779
D:\IMG\center_2023_09_28_15_15_48_289.jpg,D:\IMG\left_2023_09_28_15_15_48_289.jpg,D:\IMG\right_2023_09_28_15_15_48_289.jpg,0.05,1,0,30.18809
D:\IMG\center_2023_09_28_15_15_48_358.jpg,D:\IMG\left_2023_09_28_15_15_48_358.jpg,D:\IMG\right_2023_09_28_15_15_48_358.jpg,0,1,0,30.19104
D:\IMG\center_2023_09_28_15_15_48_429.jpg,D:\IMG\left_2023_09_28_15_15_48_429.jpg,D:\IMG\right_2023_09_28_15_15_48_429.jpg,0.05,1,0,30.18779
D:\IMG\center_2023_09_28_15_15_48_498.jpg,D:\IMG\left_2023_09_28_15_15_48_498.jpg,D:\IMG\right_2023_09_28_15_15_48_498.jpg,0.25,1,0,30.17538
D:\IMG\center_2023_09_28_15_15_48_568.jpg,D:\IMG\left_2023_09_28_15_15_48_568.jpg,D:\IMG\right_2023_09_28_15_15_48_568.jpg,0.4,1,0,30.15881
D:\IMG\center_2023_09_28_15_15_48_638.jpg,D:\IMG\left_2023_09_28_15_15_48_638.jpg,D:\IMG\right_2023_09_28_15_15_48_638.jpg,0,1,0,30.17446
D:\IMG\center_2023_09_28_15_15_48_717.jpg,D:\IMG\left_2023_09_28_15_15_48_717.jpg,D:\IMG\right_2023_09_28_15_15_48_717.jpg,0,1,0,30.18703
D:\IMG\center_2023_09_28_15_15_48_794.jpg,D:\IMG\left_2023_09_28_15_15_48_794.jpg,D:\IMG\right_2023_09_28_15_15_48_794.jpg,0,1,0,30.18941
D:\IMG\center_2023_09_28_15_15_48_866.jpg,D:\IMG\left_2023_09_28_15_15_48_866.jpg,D:\IMG\right_2023_09_28_15_15_48_866.jpg,0,0.9483661,0,30.18983
D:\IMG\center_2023_09_28_15_15_48_946.jpg,D:\IMG\left_2023_09_28_15_15_48_946.jpg,D:\IMG\right_2023_09_28_15_15_48_946.jpg,0,0.7083265,0,30.12134
D:\IMG\center_2023_09_28_15_15_49_027.jpg,D:\IMG\left_2023_09_28_15_15_49_027.jpg,D:\IMG\right_2023_09_28_15_15_49_027.jpg,0,0.4657033,0,30.07509
D:\IMG\center_2023_09_28_15_15_49_095.jpg,D:\IMG\left_2023_09_28_15_15_49_095.jpg,D:\IMG\right_2023_09_28_15_15_49_095.jpg,0,0.3648451,0,30.04048
D:\IMG\center_2023_09_28_15_15_49_162.jpg,D:\IMG\left_2023_09_28_15_15_49_162.jpg,D:\IMG\right_2023_09_28_15_15_49_162.jpg,0.15,0.1636372,0,29.98017
D:\IMG\center_2023_09_28_15_15_49_244.jpg,D:\IMG\left_2023_09_28_15_15_49_244.jpg,D:\IMG\right_2023_09_28_15_15_49_244.jpg,0.35,0,0,29.74157
D:\IMG\center_2023_09_28_15_15_49_323.jpg,D:\IMG\left_2023_09_28_15_15_49_323.jpg,D:\IMG\right_2023_09_28_15_15_49_323.jpg,0,0,0,29.42538
D:\IMG\center_2023_09_28_15_15_49_395.jpg,D:\IMG\left_2023_09_28_15_15_49_395.jpg,D:\IMG\right_2023_09_28_15_15_49_395.jpg,0,0,0,29.18357
D:\IMG\center_2023_09_28_15_15_49_473.jpg,D:\IMG\left_2023_09_28_15_15_49_473.jpg,D:\IMG\right_2023_09_28_15_15_49_473.jpg,0,0.0609735,0,28.96652
D:\IMG\center_2023_09_28_15_15_49_540.jpg,D:\IMG\left_2023_09_28_15_15_49_540.jpg,D:\IMG\right_2023_09_28_15_15_49_540.jpg,-0.05,0.2614884,0,28.90813
D:\IMG\center_2023_09_28_15_15_49_619.jpg,D:\IMG\left_2023_09_28_15_15_49_619.jpg,D:\IMG\right_2023_09_28_15_15_49_619.jpg,-0.25,0.02610181,0,28.79014
D:\IMG\center_2023_09_28_15_15_49_700.jpg,D:\IMG\left_2023_09_28_15_15_49_700.jpg,D:\IMG\right_2023_09_28_15_15_49_700.jpg,0,0.1005708,0,28.49146
D:\IMG\center_2023_09_28_15_15_49_781.jpg,D:\IMG\left_2023_09_28_15_15_49_781.jpg,D:\IMG\right_2023_09_28_15_15_49_781.jpg,0,0.3408708,0,28.46593
D:\IMG\center_2023_09_28_15_15_49_862.jpg,D:\IMG\left_2023_09_28_15_15_49_862.jpg,D:\IMG\right_2023_09_28_15_15_49_862.jpg,-0.1,0.3936819,0,28.63807
D:\IMG\center_2023_09_28_15_15_49_942.jpg,D:\IMG\left_2023_09_28_15_15_49_942.jpg,D:\IMG\right_2023_09_28_15_15_49_942.jpg,0,0.1543572,0,28.68468
D:\IMG\center_2023_09_28_15_15_50_022.jpg,D:\IMG\left_2023_09_28_15_15_50_022.jpg,D:\IMG\right_2023_09_28_15_15_50_022.jpg,0,0,0,28.51787
D:\IMG\center_2023_09_28_15_15_50_090.jpg,D:\IMG\left_2023_09_28_15_15_50_090.jpg,D:\IMG\right_2023_09_28_15_15_50_090.jpg,0,0,0,28.34847
D:\IMG\center_2023_09_28_15_15_50_171.jpg,D:\IMG\left_2023_09_28_15_15_50_171.jpg,D:\IMG\right_2023_09_28_15_15_50_171.jpg,-0.1,0.1889859,0,28.19988
D:\IMG\center_2023_09_28_15_15_50_251.jpg,D:\IMG\left_2023_09_28_15_15_50_251.jpg,D:\IMG\right_2023_09_28_15_15_50_251.jpg,-0.3,0.2518731,0,28.2082
D:\IMG\center_2023_09_28_15_15_50_333.jpg,D:\IMG\left_2023_09_28_15_15_50_333.jpg,D:\IMG\right_2023_09_28_15_15_50_333.jpg,-0.5000001,0.3461169,0,28.09064
D:\IMG\center_2023_09_28_15_15_50_410.jpg,D:\IMG\left_2023_09_28_15_15_50_410.jpg,D:\IMG\right_2023_09_28_15_15_50_410.jpg,0,0.0654624,0,28.04348
D:\IMG\center_2023_09_28_15_15_50_498.jpg,D:\IMG\left_2023_09_28_15_15_50_498.jpg,D:\IMG\right_2023_09_28_15_15_50_498.jpg,0,0,0,27.77061
D:\IMG\center_2023_09_28_15_15_50_575.jpg,D:\IMG\left_2023_09_28_15_15_50_575.jpg,D:\IMG\right_2023_09_28_15_15_50_575.jpg,0,0,0,27.54688
D:\IMG\center_2023_09_28_15_15_50_661.jpg,D:\IMG\left_2023_09_28_15_15_50_661.jpg,D:\IMG\right_2023_09_28_15_15_50_661.jpg,0,0,0,27.32528
D:\IMG\center_2023_09_28_15_15_50_744.jpg,D:\IMG\left_2023_09_28_15_15_50_744.jpg,D:\IMG\right_2023_09_28_15_15_50_744.jpg,-0.05,0,0,27.10514
D:\IMG\center_2023_09_28_15_15_50_827.jpg,D:\IMG\left_2023_09_28_15_15_50_827.jpg,D:\IMG\right_2023_09_28_15_15_50_827.jpg,-0.25,0,0,26.8568
D:\IMG\center_2023_09_28_15_15_50_904.jpg,D:\IMG\left_2023_09_28_15_15_50_904.jpg,D:\IMG\right_2023_09_28_15_15_50_904.jpg,-0.45,0,0,26.5353
D:\IMG\center_2023_09_28_15_15_50_971.jpg,D:\IMG\left_2023_09_28_15_15_50_971.jpg,D:\IMG\right_2023_09_28_15_15_50_971.jpg,-0.6000001,0,0,26.24144
D:\IMG\center_2023_09_28_15_15_51_039.jpg,D:\IMG\left_2023_09_28_15_15_51_039.jpg,D:\IMG\right_2023_09_28_15_15_51_039.jpg,0,0,0,25.93736
D:\IMG\center_2023_09_28_15_15_51_123.jpg,D:\IMG\left_2023_09_28_15_15_51_123.jpg,D:\IMG\right_2023_09_28_15_15_51_123.jpg,0,0,0,25.71324
D:\IMG\center_2023_09_28_15_15_51_199.jpg,D:\IMG\left_2023_09_28_15_15_51_199.jpg,D:\IMG\right_2023_09_28_15_15_51_199.jpg,0,0,0,25.50319
D:\IMG\center_2023_09_28_15_15_51_287.jpg,D:\IMG\left_2023_09_28_15_15_51_287.jpg,D:\IMG\right_2023_09_28_15_15_51_287.jpg,0,0,0,25.29747
D:\IMG\center_2023_09_28_15_15_51_374.jpg,D:\IMG\left_2023_09_28_15_15_51_374.jpg,D:\IMG\right_2023_09_28_15_15_51_374.jpg,0,0,0,25.04334
D:\IMG\center_2023_09_28_15_15_51_449.jpg,D:\IMG\left_2023_09_28_15_15_51_449.jpg,D:\IMG\right_2023_09_28_15_15_51_449.jpg,0,0,0,24.89217
D:\IMG\center_2023_09_28_15_15_51_526.jpg,D:\IMG\left_2023_09_28_15_15_51_526.jpg,D:\IMG\right_2023_09_28_15_15_51_526.jpg,0,0,0,24.69203
D:\IMG\center_2023_09_28_15_15_51_599.jpg,D:\IMG\left_2023_09_28_15_15_51_599.jpg,D:\IMG\right_2023_09_28_15_15_51_599.jpg,-0.15,0.2229735,0,24.58387
D:\IMG\center_2023_09_28_15_15_51_682.jpg,D:\IMG\left_2023_09_28_15_15_51_682.jpg,D:\IMG\right_2023_09_28_15_15_51_682.jpg,-0.35,0.2001048,0,24.59145
D:\IMG\center_2023_09_28_15_15_51_769.jpg,D:\IMG\left_2023_09_28_15_15_51_769.jpg,D:\IMG\right_2023_09_28_15_15_51_769.jpg,0,0,0,24.43183
D:\IMG\center_2023_09_28_15_15_51_849.jpg,D:\IMG\left_2023_09_28_15_15_51_849.jpg,D:\IMG\right_2023_09_28_15_15_51_849.jpg,0,0,0,24.23395
D:\IMG\center_2023_09_28_15_15_51_928.jpg,D:\IMG\left_2023_09_28_15_15_51_928.jpg,D:\IMG\right_2023_09_28_15_15_51_928.jpg,0,0,0,24.03881
D:\IMG\center_2023_09_28_15_15_52_009.jpg,D:\IMG\left_2023_09_28_15_15_52_009.jpg,D:\IMG\right_2023_09_28_15_15_52_009.jpg,0,0,0,23.84551
D:\IMG\center_2023_09_28_15_15_52_093.jpg,D:\IMG\left_2023_09_28_15_15_52_093.jpg,D:\IMG\right_2023_09_28_15_15_52_093.jpg,0,0.0661851,0,23.65382
D:\IMG\center_2023_09_28_15_15_52_176.jpg,D:\IMG\left_2023_09_28_15_15_52_176.jpg,D:\IMG\right_2023_09_28_15_15_52_176.jpg,0,0.3147738,0,23.62655
D:\IMG\center_2023_09_28_15_15_52_256.jpg,D:\IMG\left_2023_09_28_15_15_52_256.jpg,D:\IMG\right_2023_09_28_15_15_52_256.jpg,0,0.5547525,0,23.85693
D:\IMG\center_2023_09_28_15_15_52_333.jpg,D:\IMG\left_2023_09_28_15_15_52_333.jpg,D:\IMG\right_2023_09_28_15_15_52_333.jpg,-0.05,0.786198,0,24.19826
D:\IMG\center_2023_09_28_15_15_52_410.jpg,D:\IMG\left_2023_09_28_15_15_52_410.jpg,D:\IMG\right_2023_09_28_15_15_52_410.jpg,0,0.7826784,0,24.81165
D:\IMG\center_2023_09_28_15_15_52_482.jpg,D:\IMG\left_2023_09_28_15_15_52_482.jpg,D:\IMG\right_2023_09_28_15_15_52_482.jpg,0,0.5675673,0,25.27054
D:\IMG\center_2023_09_28_15_15_52_557.jpg,D:\IMG\left_2023_09_28_15_15_52_557.jpg,D:\IMG\right_2023_09_28_15_15_52_557.jpg,-0.05,0.3396714,0,25.5125
D:\IMG\center_2023_09_28_15_15_52_640.jpg,D:\IMG\left_2023_09_28_15_15_52_640.jpg,D:\IMG\right_2023_09_28_15_15_52_640.jpg,0,0.09168687,0,25.5208
D:\IMG\center_2023_09_28_15_15_52_723.jpg,D:\IMG\left_2023_09_28_15_15_52_723.jpg,D:\IMG\right_2023_09_28_15_15_52_723.jpg,-0.2,0,0,25.31879
D:\IMG\center_2023_09_28_15_15_52_796.jpg,D:\IMG\left_2023_09_28_15_15_52_796.jpg,D:\IMG\right_2023_09_28_15_15_52_796.jpg,-0.4,0,0,25.03724
D:\IMG\center_2023_09_28_15_15_52_867.jpg,D:\IMG\left_2023_09_28_15_15_52_867.jpg,D:\IMG\right_2023_09_28_15_15_52_867.jpg,-0.5500001,0,0,24.77556
D:\IMG\center_2023_09_28_15_15_52_938.jpg,D:\IMG\left_2023_09_28_15_15_52_938.jpg,D:\IMG\right_2023_09_28_15_15_52_938.jpg,-0.7500002,0,0,24.36173
D:\IMG\center_2023_09_28_15_15_53_009.jpg,D:\IMG\left_2023_09_28_15_15_53_009.jpg,D:\IMG\right_2023_09_28_15_15_53_009.jpg,-0.9000002,0.1623408,0,24.02736
D:\IMG\center_2023_09_28_15_15_53_083.jpg,D:\IMG\left_2023_09_28_15_15_53_083.jpg,D:\IMG\right_2023_09_28_15_15_53_083.jpg,0,0.1611708,0,23.80032
D:\IMG\center_2023_09_28_15_15_53_161.jpg,D:\IMG\left_2023_09_28_15_15_53_161.jpg,D:\IMG\right_2023_09_28_15_15_53_161.jpg,0,0,0,23.55688
D:\IMG\center_2023_09_28_15_15_53_244.jpg,D:\IMG\left_2023_09_28_15_15_53_244.jpg,D:\IMG\right_2023_09_28_15_15_53_244.jpg,0,0,0,23.34219
D:\IMG\center_2023_09_28_15_15_53_311.jpg,D:\IMG\left_2023_09_28_15_15_53_311.jpg,D:\IMG\right_2023_09_28_15_15_53_311.jpg,0.05,0,0,23.10739
D:\IMG\center_2023_09_28_15_15_53_383.jpg,D:\IMG\left_2023_09_28_15_15_53_383.jpg,D:\IMG\right_2023_09_28_15_15_53_383.jpg,0.25,0,0,22.84605
D:\IMG\center_2023_09_28_15_15_53_455.jpg,D:\IMG\left_2023_09_28_15_15_53_455.jpg,D:\IMG\right_2023_09_28_15_15_53_455.jpg,0.45,0,0,22.55381
D:\IMG\center_2023_09_28_15_15_53_528.jpg,D:\IMG\left_2023_09_28_15_15_53_528.jpg,D:\IMG\right_2023_09_28_15_15_53_528.jpg,0.6000001,0,0,22.41144
D:\IMG\center_2023_09_28_15_15_53_597.jpg,D:\IMG\left_2023_09_28_15_15_53_597.jpg,D:\IMG\right_2023_09_28_15_15_53_597.jpg,0.8000001,0,0,22.00469
D:\IMG\center_2023_09_28_15_15_53_667.jpg,D:\IMG\left_2023_09_28_15_15_53_667.jpg,D:\IMG\right_2023_09_28_15_15_53_667.jpg,0,0,0,21.72183
D:\IMG\center_2023_09_28_15_15_53_741.jpg,D:\IMG\left_2023_09_28_15_15_53_741.jpg,D:\IMG\right_2023_09_28_15_15_53_741.jpg,0,0,0,21.50993
D:\IMG\center_2023_09_28_15_15_53_827.jpg,D:\IMG\left_2023_09_28_15_15_53_827.jpg,D:\IMG\right_2023_09_28_15_15_53_827.jpg,0,0,0,21.31153
D:\IMG\center_2023_09_28_15_15_53_908.jpg,D:\IMG\left_2023_09_28_15_15_53_908.jpg,D:\IMG\right_2023_09_28_15_15_53_908.jpg,-0.2,0,0,21.08193
D:\IMG\center_2023_09_28_15_15_53_980.jpg,D:\IMG\left_2023_09_28_15_15_53_980.jpg,D:\IMG\right_2023_09_28_15_15_53_980.jpg,-0.4,0,0,20.80263
D:\IMG\center_2023_09_28_15_15_54_053.jpg,D:\IMG\left_2023_09_28_15_15_54_053.jpg,D:\IMG\right_2023_09_28_15_15_54_053.jpg,-0.5500001,0,0,20.78409
D:\IMG\center_2023_09_28_15_15_54_128.jpg,D:\IMG\left_2023_09_28_15_15_54_128.jpg,D:\IMG\right_2023_09_28_15_15_54_128.jpg,0,0,0,20.61023
D:\IMG\center_2023_09_28_15_15_54_202.jpg,D:\IMG\left_2023_09_28_15_15_54_202.jpg,D:\IMG\right_2023_09_28_15_15_54_202.jpg,0,0,0,20.4433
D:\IMG\center_2023_09_28_15_15_54_274.jpg,D:\IMG\left_2023_09_28_15_15_54_274.jpg,D:\IMG\right_2023_09_28_15_15_54_274.jpg,0,0,0,20.2831
D:\IMG\center_2023_09_28_15_15_54_345.jpg,D:\IMG\left_2023_09_28_15_15_54_345.jpg,D:\IMG\right_2023_09_28_15_15_54_345.jpg,0.15,0,0,19.81004
D:\IMG\center_2023_09_28_15_15_54_417.jpg,D:\IMG\left_2023_09_28_15_15_54_417.jpg,D:\IMG\right_2023_09_28_15_15_54_417.jpg,0.35,0,0,19.59904
D:\IMG\center_2023_09_28_15_15_54_498.jpg,D:\IMG\left_2023_09_28_15_15_54_498.jpg,D:\IMG\right_2023_09_28_15_15_54_498.jpg,0,0,0,19.40732
D:\IMG\center_2023_09_28_15_15_54_575.jpg,D:\IMG\left_2023_09_28_15_15_54_575.jpg,D:\IMG\right_2023_09_28_15_15_54_575.jpg,0,0,0,19.23526
D:\IMG\center_2023_09_28_15_15_54_644.jpg,D:\IMG\left_2023_09_28_15_15_54_644.jpg,D:\IMG\right_2023_09_28_15_15_54_644.jpg,0,0,0,19.51407
D:\IMG\center_2023_09_28_15_15_54_715.jpg,D:\IMG\left_2023_09_28_15_15_54_715.jpg,D:\IMG\right_2023_09_28_15_15_54_715.jpg,0,0,0,19.3686
D:\IMG\center_2023_09_28_15_15_54_784.jpg,D:\IMG\left_2023_09_28_15_15_54_784.jpg,D:\IMG\right_2023_09_28_15_15_54_784.jpg,0,0,0,18.8088
D:\IMG\center_2023_09_28_15_15_54_857.jpg,D:\IMG\left_2023_09_28_15_15_54_857.jpg,D:\IMG\right_2023_09_28_15_15_54_857.jpg,0,0,0,18.64401
D:\IMG\center_2023_09_28_15_15_54_930.jpg,D:\IMG\left_2023_09_28_15_15_54_930.jpg,D:\IMG\right_2023_09_28_15_15_54_930.jpg,0,0,0,19.00172
D:\IMG\center_2023_09_28_15_15_55_006.jpg,D:\IMG\left_2023_09_28_15_15_55_006.jpg,D:\IMG\right_2023_09_28_15_15_55_006.jpg,0,0.2273124,0,18.92919
D:\IMG\center_2023_09_28_15_15_55_089.jpg,D:\IMG\left_2023_09_28_15_15_55_089.jpg,D:\IMG\right_2023_09_28_15_15_55_089.jpg,0,0.4748814,0,19.08234
D:\IMG\center_2023_09_28_15_15_55_172.jpg,D:\IMG\left_2023_09_28_15_15_55_172.jpg,D:\IMG\right_2023_09_28_15_15_55_172.jpg,0,0.7269669,0,19.47857
D:\IMG\center_2023_09_28_15_15_55_249.jpg,D:\IMG\left_2023_09_28_15_15_55_249.jpg,D:\IMG\right_2023_09_28_15_15_55_249.jpg,0,0.9569979,0,20.08668
D:\IMG\center_2023_09_28_15_15_55_318.jpg,D:\IMG\left_2023_09_28_15_15_55_318.jpg,D:\IMG\right_2023_09_28_15_15_55_318.jpg,0,1,0,20.87348
D:\IMG\center_2023_09_28_15_15_55_401.jpg,D:\IMG\left_2023_09_28_15_15_55_401.jpg,D:\IMG\right_2023_09_28_15_15_55_401.jpg,0,1,0,21.66049
D:\IMG\center_2023_09_28_15_15_55_477.jpg,D:\IMG\left_2023_09_28_15_15_55_477.jpg,D:\IMG\right_2023_09_28_15_15_55_477.jpg,-0.2,1,0,22.42482
D:\IMG\center_2023_09_28_15_15_55_545.jpg,D:\IMG\left_2023_09_28_15_15_55_545.jpg,D:\IMG\right_2023_09_28_15_15_55_545.jpg,0,1,0,22.9746
D:\IMG\center_2023_09_28_15_15_55_623.jpg,D:\IMG\left_2023_09_28_15_15_55_623.jpg,D:\IMG\right_2023_09_28_15_15_55_623.jpg,0,1,0,23.76321
D:\IMG\center_2023_09_28_15_15_55_694.jpg,D:\IMG\left_2023_09_28_15_15_55_694.jpg,D:\IMG\right_2023_09_28_15_15_55_694.jpg,0,1,0,24.54292
D:\IMG\center_2023_09_28_15_15_55_762.jpg,D:\IMG\left_2023_09_28_15_15_55_762.jpg,D:\IMG\right_2023_09_28_15_15_55_762.jpg,0,1,0,25.12318
D:\IMG\center_2023_09_28_15_15_55_837.jpg,D:\IMG\left_2023_09_28_15_15_55_837.jpg,D:\IMG\right_2023_09_28_15_15_55_837.jpg,0,1,0,25.88948
D:\IMG\center_2023_09_28_15_15_55_921.jpg,D:\IMG\left_2023_09_28_15_15_55_921.jpg,D:\IMG\right_2023_09_28_15_15_55_921.jpg,0,1,0,26.64908
D:\IMG\center_2023_09_28_15_15_55_993.jpg,D:\IMG\left_2023_09_28_15_15_55_993.jpg,D:\IMG\right_2023_09_28_15_15_55_993.jpg,0,1,0,27.21461
D:\IMG\center_2023_09_28_15_15_56_065.jpg,D:\IMG\left_2023_09_28_15_15_56_065.jpg,D:\IMG\right_2023_09_28_15_15_56_065.jpg,-0.2,1,0,27.94476
D:\IMG\center_2023_09_28_15_15_56_149.jpg,D:\IMG\left_2023_09_28_15_15_56_149.jpg,D:\IMG\right_2023_09_28_15_15_56_149.jpg,0,1,0,28.66965
D:\IMG\center_2023_09_28_15_15_56_230.jpg,D:\IMG\left_2023_09_28_15_15_56_230.jpg,D:\IMG\right_2023_09_28_15_15_56_230.jpg,0,1,0,29.40498
D:\IMG\center_2023_09_28_15_15_56_302.jpg,D:\IMG\left_2023_09_28_15_15_56_302.jpg,D:\IMG\right_2023_09_28_15_15_56_302.jpg,0,1,0,30.1355
D:\IMG\center_2023_09_28_15_15_56_375.jpg,D:\IMG\left_2023_09_28_15_15_56_375.jpg,D:\IMG\right_2023_09_28_15_15_56_375.jpg,0,1,0,30.19032
D:\IMG\center_2023_09_28_15_15_56_455.jpg,D:\IMG\left_2023_09_28_15_15_56_455.jpg,D:\IMG\right_2023_09_28_15_15_56_455.jpg,0,1,0,30.19028
D:\IMG\center_2023_09_28_15_15_56_539.jpg,D:\IMG\left_2023_09_28_15_15_56_539.jpg,D:\IMG\right_2023_09_28_15_15_56_539.jpg,0,1,0,30.19032
D:\IMG\center_2023_09_28_15_15_56_606.jpg,D:\IMG\left_2023_09_28_15_15_56_606.jpg,D:\IMG\right_2023_09_28_15_15_56_606.jpg,-0.1,1,0,30.18775
D:\IMG\center_2023_09_28_15_15_56_679.jpg,D:\IMG\left_2023_09_28_15_15_56_679.jpg,D:\IMG\right_2023_09_28_15_15_56_679.jpg,-0.3,1,0,30.16934
D:\IMG\center_2023_09_28_15_15_56_760.jpg,D:\IMG\left_2023_09_28_15_15_56_760.jpg,D:\IMG\right_2023_09_28_15_15_56_760.jpg,0,1,0,30.18817
D:\IMG\center_2023_09_28_15_15_56_832.jpg,D:\IMG\left_2023_09_28_15_15_56_832.jpg,D:\IMG\right_2023_09_28_15_15_56_832.jpg,0,1,0,30.18986
D:\IMG\center_2023_09_28_15_15_56_903.jpg,D:\IMG\left_2023_09_28_15_15_56_903.jpg,D:\IMG\right_2023_09_28_15_15_56_903.jpg,0,1,0,30.19022
D:\IMG\center_2023_09_28_15_15_56_979.jpg,D:\IMG\left_2023_09_28_15_15_56_979.jpg,D:\IMG\right_2023_09_28_15_15_56_979.jpg,0,1,0,30.19029
D:\IMG\center_2023_09_28_15_15_57_054.jpg,D:\IMG\left_2023_09_28_15_15_57_054.jpg,D:\IMG\right_2023_09_28_15_15_57_054.jpg,0,1,0,30.19029
D:\IMG\center_2023_09_28_15_15_57_127.jpg,D:\IMG\left_2023_09_28_15_15_57_127.jpg,D:\IMG\right_2023_09_28_15_15_57_127.jpg,0,1,0,30.19029
D:\IMG\center_2023_09_28_15_15_57_204.jpg,D:\IMG\left_2023_09_28_15_15_57_204.jpg,D:\IMG\right_2023_09_28_15_15_57_204.jpg,-0.15,1,0,30.18441
D:\IMG\center_2023_09_28_15_15_57_285.jpg,D:\IMG\left_2023_09_28_15_15_57_285.jpg,D:\IMG\right_2023_09_28_15_15_57_285.jpg,-0.35,1,0,30.16362
D:\IMG\center_2023_09_28_15_15_57_361.jpg,D:\IMG\left_2023_09_28_15_15_57_361.jpg,D:\IMG\right_2023_09_28_15_15_57_361.jpg,0,1,0,30.18954
D:\IMG\center_2023_09_28_15_15_57_435.jpg,D:\IMG\left_2023_09_28_15_15_57_435.jpg,D:\IMG\right_2023_09_28_15_15_57_435.jpg,0,1,0,30.1901
D:\IMG\center_2023_09_28_15_15_57_505.jpg,D:\IMG\left_2023_09_28_15_15_57_505.jpg,D:\IMG\right_2023_09_28_15_15_57_505.jpg,0,1,0,30.19024
D:\IMG\center_2023_09_28_15_15_57_571.jpg,D:\IMG\left_2023_09_28_15_15_57_571.jpg,D:\IMG\right_2023_09_28_15_15_57_571.jpg,0,1,0,30.1903
D:\IMG\center_2023_09_28_15_15_57_642.jpg,D:\IMG\left_2023_09_28_15_15_57_642.jpg,D:\IMG\right_2023_09_28_15_15_57_642.jpg,0,1,0,30.19027
D:\IMG\center_2023_09_28_15_15_57_721.jpg,D:\IMG\left_2023_09_28_15_15_57_721.jpg,D:\IMG\right_2023_09_28_15_15_57_721.jpg,0,1,0,30.1903
D:\IMG\center_2023_09_28_15_15_57_790.jpg,D:\IMG\left_2023_09_28_15_15_57_790.jpg,D:\IMG\right_2023_09_28_15_15_57_790.jpg,-0.15,1,0,30.18439
D:\IMG\center_2023_09_28_15_15_57_872.jpg,D:\IMG\left_2023_09_28_15_15_57_872.jpg,D:\IMG\right_2023_09_28_15_15_57_872.jpg,-0.35,1,0,30.16362
D:\IMG\center_2023_09_28_15_15_57_943.jpg,D:\IMG\left_2023_09_28_15_15_57_943.jpg,D:\IMG\right_2023_09_28_15_15_57_943.jpg,0,1,0,30.18956
D:\IMG\center_2023_09_28_15_15_58_012.jpg,D:\IMG\left_2023_09_28_15_15_58_012.jpg,D:\IMG\right_2023_09_28_15_15_58_012.jpg,0,1,0,30.18999
D:\IMG\center_2023_09_28_15_15_58_083.jpg,D:\IMG\left_2023_09_28_15_15_58_083.jpg,D:\IMG\right_2023_09_28_15_15_58_083.jpg,0,1,0,30.19023
D:\IMG\center_2023_09_28_15_15_58_152.jpg,D:\IMG\left_2023_09_28_15_15_58_152.jpg,D:\IMG\right_2023_09_28_15_15_58_152.jpg,0,1,0,30.19027
D:\IMG\center_2023_09_28_15_15_58_227.jpg,D:\IMG\left_2023_09_28_15_15_58_227.jpg,D:\IMG\right_2023_09_28_15_15_58_227.jpg,0,1,0,30.19029
D:\IMG\center_2023_09_28_15_15_58_305.jpg,D:\IMG\left_2023_09_28_15_15_58_305.jpg,D:\IMG\right_2023_09_28_15_15_58_305.jpg,0,1,0,30.1903
D:\IMG\center_2023_09_28_15_15_58_386.jpg,D:\IMG\left_2023_09_28_15_15_58_386.jpg,D:\IMG\right_2023_09_28_15_15_58_386.jpg,0,1,0,30.1903
D:\IMG\center_2023_09_28_15_15_58_470.jpg,D:\IMG\left_2023_09_28_15_15_58_470.jpg,D:\IMG\right_2023_09_28_15_15_58_470.jpg,-0.05,1,0,30.18972
D:\IMG\center_2023_09_28_15_15_58_538.jpg,D:\IMG\left_2023_09_28_15_15_58_538.jpg,D:\IMG\right_2023_09_28_15_15_58_538.jpg,-0.25,1,0,30.17475
D:\IMG\center_2023_09_28_15_15_58_609.jpg,D:\IMG\left_2023_09_28_15_15_58_609.jpg,D:\IMG\right_2023_09_28_15_15_58_609.jpg,0,1,0,30.18932
D:\IMG\center_2023_09_28_15_15_58_680.jpg,D:\IMG\left_2023_09_28_15_15_58_680.jpg,D:\IMG\right_2023_09_28_15_15_58_680.jpg,0,1,0,30.19019
D:\IMG\center_2023_09_28_15_15_58_755.jpg,D:\IMG\left_2023_09_28_15_15_58_755.jpg,D:\IMG\right_2023_09_28_15_15_58_755.jpg,0,1,0,30.19028
D:\IMG\center_2023_09_28_15_15_58_843.jpg,D:\IMG\left_2023_09_28_15_15_58_843.jpg,D:\IMG\right_2023_09_28_15_15_58_843.jpg,0,1,0,30.19029
D:\IMG\center_2023_09_28_15_15_58_926.jpg,D:\IMG\left_2023_09_28_15_15_58_926.jpg,D:\IMG\right_2023_09_28_15_15_58_926.jpg,0,1,0,30.19031
D:\IMG\center_2023_09_28_15_15_58_994.jpg,D:\IMG\left_2023_09_28_15_15_58_994.jpg,D:\IMG\right_2023_09_28_15_15_58_994.jpg,0,1,0,30.19031
D:\IMG\center_2023_09_28_15_15_59_065.jpg,D:\IMG\left_2023_09_28_15_15_59_065.jpg,D:\IMG\right_2023_09_28_15_15_59_065.jpg,-0.15,1,0,30.18474
D:\IMG\center_2023_09_28_15_15_59_140.jpg,D:\IMG\left_2023_09_28_15_15_59_140.jpg,D:\IMG\right_2023_09_28_15_15_59_140.jpg,0,1,0,30.18451
D:\IMG\center_2023_09_28_15_15_59_215.jpg,D:\IMG\left_2023_09_28_15_15_59_215.jpg,D:\IMG\right_2023_09_28_15_15_59_215.jpg,0,1,0,30.18972
D:\IMG\center_2023_09_28_15_15_59_288.jpg,D:\IMG\left_2023_09_28_15_15_59_288.jpg,D:\IMG\right_2023_09_28_15_15_59_288.jpg,0,1,0,30.19015
D:\IMG\center_2023_09_28_15_15_59_367.jpg,D:\IMG\left_2023_09_28_15_15_59_367.jpg,D:\IMG\right_2023_09_28_15_15_59_367.jpg,0,1,0,30.19011
D:\IMG\center_2023_09_28_15_15_59_453.jpg,D:\IMG\left_2023_09_28_15_15_59_453.jpg,D:\IMG\right_2023_09_28_15_15_59_453.jpg,0,1,0,30.19029
D:\IMG\center_2023_09_28_15_15_59_531.jpg,D:\IMG\left_2023_09_28_15_15_59_531.jpg,D:\IMG\right_2023_09_28_15_15_59_531.jpg,0,1,0,30.19028
D:\IMG\center_2023_09_28_15_15_59_599.jpg,D:\IMG\left_2023_09_28_15_15_59_599.jpg,D:\IMG\right_2023_09_28_15_15_59_599.jpg,0,1,0,30.19025
D:\IMG\center_2023_09_28_15_15_59_679.jpg,D:\IMG\left_2023_09_28_15_15_59_679.jpg,D:\IMG\right_2023_09_28_15_15_59_679.jpg,0,1,0,30.19035
D:\IMG\center_2023_09_28_15_15_59_746.jpg,D:\IMG\left_2023_09_28_15_15_59_746.jpg,D:\IMG\right_2023_09_28_15_15_59_746.jpg,0,1,0,30.19028
D:\IMG\center_2023_09_28_15_15_59_814.jpg,D:\IMG\left_2023_09_28_15_15_59_814.jpg,D:\IMG\right_2023_09_28_15_15_59_814.jpg,0,1,0,30.19029
D:\IMG\center_2023_09_28_15_15_59_883.jpg,D:\IMG\left_2023_09_28_15_15_59_883.jpg,D:\IMG\right_2023_09_28_15_15_59_883.jpg,0,1,0,30.19027
D:\IMG\center_2023_09_28_15_15_59_952.jpg,D:\IMG\left_2023_09_28_15_15_59_952.jpg,D:\IMG\right_2023_09_28_15_15_59_952.jpg,-0.1,1,0,30.18782
D:\IMG\center_2023_09_28_15_16_00_030.jpg,D:\IMG\left_2023_09_28_15_16_00_030.jpg,D:\IMG\right_2023_09_28_15_16_00_030.jpg,0,1,0,30.19094
D:\IMG\center_2023_09_28_15_16_00_099.jpg,D:\IMG\left_2023_09_28_15_16_00_099.jpg,D:\IMG\right_2023_09_28_15_16_00_099.jpg,0,1,0,30.19036
D:\IMG\center_2023_09_28_15_16_00_180.jpg,D:\IMG\left_2023_09_28_15_16_00_180.jpg,D:\IMG\right_2023_09_28_15_16_00_180.jpg,0,1,0,30.19011
D:\IMG\center_2023_09_28_15_16_00_251.jpg,D:\IMG\left_2023_09_28_15_16_00_251.jpg,D:\IMG\right_2023_09_28_15_16_00_251.jpg,0,1,0,30.19019
D:\IMG\center_2023_09_28_15_16_00_333.jpg,D:\IMG\left_2023_09_28_15_16_00_333.jpg,D:\IMG\right_2023_09_28_15_16_00_333.jpg,0,1,0,30.19014
D:\IMG\center_2023_09_28_15_16_00_415.jpg,D:\IMG\left_2023_09_28_15_16_00_415.jpg,D:\IMG\right_2023_09_28_15_16_00_415.jpg,0,1,0,30.18997
D:\IMG\center_2023_09_28_15_16_00_491.jpg,D:\IMG\left_2023_09_28_15_16_00_491.jpg,D:\IMG\right_2023_09_28_15_16_00_491.jpg,-0.05,1,0,30.1896
D:\IMG\center_2023_09_28_15_16_00_576.jpg,D:\IMG\left_2023_09_28_15_16_00_576.jpg,D:\IMG\right_2023_09_28_15_16_00_576.jpg,-0.3,1,0,30.16966
D:\IMG\center_2023_09_28_15_16_00_645.jpg,D:\IMG\left_2023_09_28_15_16_00_645.jpg,D:\IMG\right_2023_09_28_15_16_00_645.jpg,0,1,0,30.18974
D:\IMG\center_2023_09_28_15_16_00_720.jpg,D:\IMG\left_2023_09_28_15_16_00_720.jpg,D:\IMG\right_2023_09_28_15_16_00_720.jpg,0,1,0,30.18982
D:\IMG\center_2023_09_28_15_16_00_797.jpg,D:\IMG\left_2023_09_28_15_16_00_797.jpg,D:\IMG\right_2023_09_28_15_16_00_797.jpg,0,1,0,30.19022
D:\IMG\center_2023_09_28_15_16_00_875.jpg,D:\IMG\left_2023_09_28_15_16_00_875.jpg,D:\IMG\right_2023_09_28_15_16_00_875.jpg,0,1,0,30.19034
D:\IMG\center_2023_09_28_15_16_00_943.jpg,D:\IMG\left_2023_09_28_15_16_00_943.jpg,D:\IMG\right_2023_09_28_15_16_00_943.jpg,0,1,0,30.19037
D:\IMG\center_2023_09_28_15_16_01_026.jpg,D:\IMG\left_2023_09_28_15_16_01_026.jpg,D:\IMG\right_2023_09_28_15_16_01_026.jpg,0,1,0,30.19039
D:\IMG\center_2023_09_28_15_16_01_098.jpg,D:\IMG\left_2023_09_28_15_16_01_098.jpg,D:\IMG\right_2023_09_28_15_16_01_098.jpg,0,1,0,30.19038
D:\IMG\center_2023_09_28_15_16_01_171.jpg,D:\IMG\left_2023_09_28_15_16_01_171.jpg,D:\IMG\right_2023_09_28_15_16_01_171.jpg,0,1,0,30.19037
D:\IMG\center_2023_09_28_15_16_01_240.jpg,D:\IMG\left_2023_09_28_15_16_01_240.jpg,D:\IMG\right_2023_09_28_15_16_01_240.jpg,0,1,0,30.19038
D:\IMG\center_2023_09_28_15_16_01_329.jpg,D:\IMG\left_2023_09_28_15_16_01_329.jpg,D:\IMG\right_2023_09_28_15_16_01_329.jpg,0,1,0,30.19039
D:\IMG\center_2023_09_28_15_16_01_403.jpg,D:\IMG\left_2023_09_28_15_16_01_403.jpg,D:\IMG\right_2023_09_28_15_16_01_403.jpg,0,1,0,30.19037
D:\IMG\center_2023_09_28_15_16_01_471.jpg,D:\IMG\left_2023_09_28_15_16_01_471.jpg,D:\IMG\right_2023_09_28_15_16_01_471.jpg,0,1,0,30.18986
D:\IMG\center_2023_09_28_15_16_01_543.jpg,D:\IMG\left_2023_09_28_15_16_01_543.jpg,D:\IMG\right_2023_09_28_15_16_01_543.jpg,-0.05,1,0,30.18967
D:\IMG\center_2023_09_28_15_16_01_614.jpg,D:\IMG\left_2023_09_28_15_16_01_614.jpg,D:\IMG\right_2023_09_28_15_16_01_614.jpg,-0.25,1,0,30.17529
D:\IMG\center_2023_09_28_15_16_01_695.jpg,D:\IMG\left_2023_09_28_15_16_01_695.jpg,D:\IMG\right_2023_09_28_15_16_01_695.jpg,0,1,0,30.18854
D:\IMG\center_2023_09_28_15_16_01_774.jpg,D:\IMG\left_2023_09_28_15_16_01_774.jpg,D:\IMG\right_2023_09_28_15_16_01_774.jpg,0,1,0,30.19003
D:\IMG\center_2023_09_28_15_16_01_843.jpg,D:\IMG\left_2023_09_28_15_16_01_843.jpg,D:\IMG\right_2023_09_28_15_16_01_843.jpg,0,1,0,30.19026
D:\IMG\center_2023_09_28_15_16_01_920.jpg,D:\IMG\left_2023_09_28_15_16_01_920.jpg,D:\IMG\right_2023_09_28_15_16_01_920.jpg,0,1,0,30.19033
D:\IMG\center_2023_09_28_15_16_01_999.jpg,D:\IMG\left_2023_09_28_15_16_01_999.jpg,D:\IMG\right_2023_09_28_15_16_01_999.jpg,0,1,0,30.19034
D:\IMG\center_2023_09_28_15_16_02_075.jpg,D:\IMG\left_2023_09_28_15_16_02_075.jpg,D:\IMG\right_2023_09_28_15_16_02_075.jpg,0,1,0,30.19034
D:\IMG\center_2023_09_28_15_16_02_165.jpg,D:\IMG\left_2023_09_28_15_16_02_165.jpg,D:\IMG\right_2023_09_28_15_16_02_165.jpg,0,1,0,30.19034
D:\IMG\center_2023_09_28_15_16_02_249.jpg,D:\IMG\left_2023_09_28_15_16_02_249.jpg,D:\IMG\right_2023_09_28_15_16_02_249.jpg,0,1,0,30.19036
D:\IMG\center_2023_09_28_15_16_02_323.jpg,D:\IMG\left_2023_09_28_15_16_02_323.jpg,D:\IMG\right_2023_09_28_15_16_02_323.jpg,0,1,0,30.19032
D:\IMG\center_2023_09_28_15_16_02_397.jpg,D:\IMG\left_2023_09_28_15_16_02_397.jpg,D:\IMG\right_2023_09_28_15_16_02_397.jpg,0,1,0,30.19029
D:\IMG\center_2023_09_28_15_16_02_472.jpg,D:\IMG\left_2023_09_28_15_16_02_472.jpg,D:\IMG\right_2023_09_28_15_16_02_472.jpg,0,1,0,30.19029
D:\IMG\center_2023_09_28_15_16_02_545.jpg,D:\IMG\left_2023_09_28_15_16_02_545.jpg,D:\IMG\right_2023_09_28_15_16_02_545.jpg,0,1,0,30.19022
D:\IMG\center_2023_09_28_15_16_02_621.jpg,D:\IMG\left_2023_09_28_15_16_02_621.jpg,D:\IMG\right_2023_09_28_15_16_02_621.jpg,0,1,0,30.19029
D:\IMG\center_2023_09_28_15_16_02_706.jpg,D:\IMG\left_2023_09_28_15_16_02_706.jpg,D:\IMG\right_2023_09_28_15_16_02_706.jpg,0,1,0,30.19029
D:\IMG\center_2023_09_28_15_16_02_784.jpg,D:\IMG\left_2023_09_28_15_16_02_784.jpg,D:\IMG\right_2023_09_28_15_16_02_784.jpg,0,1,0,30.19036
D:\IMG\center_2023_09_28_15_16_02_863.jpg,D:\IMG\left_2023_09_28_15_16_02_863.jpg,D:\IMG\right_2023_09_28_15_16_02_863.jpg,0,1,0,30.19029
D:\IMG\center_2023_09_28_15_16_02_945.jpg,D:\IMG\left_2023_09_28_15_16_02_945.jpg,D:\IMG\right_2023_09_28_15_16_02_945.jpg,-0.2,1,0,30.17983
D:\IMG\center_2023_09_28_15_16_03_022.jpg,D:\IMG\left_2023_09_28_15_16_03_022.jpg,D:\IMG\right_2023_09_28_15_16_03_022.jpg,0,1,0,30.19073
D:\IMG\center_2023_09_28_15_16_03_096.jpg,D:\IMG\left_2023_09_28_15_16_03_096.jpg,D:\IMG\right_2023_09_28_15_16_03_096.jpg,0,1,0,30.19003
D:\IMG\center_2023_09_28_15_16_03_180.jpg,D:\IMG\left_2023_09_28_15_16_03_180.jpg,D:\IMG\right_2023_09_28_15_16_03_180.jpg,0,1,0,30.19025
D:\IMG\center_2023_09_28_15_16_03_253.jpg,D:\IMG\left_2023_09_28_15_16_03_253.jpg,D:\IMG\right_2023_09_28_15_16_03_253.jpg,0,1,0,30.19028
D:\IMG\center_2023_09_28_15_16_03_337.jpg,D:\IMG\left_2023_09_28_15_16_03_337.jpg,D:\IMG\right_2023_09_28_15_16_03_337.jpg,0,1,0,30.1903
D:\IMG\center_2023_09_28_15_16_03_416.jpg,D:\IMG\left_2023_09_28_15_16_03_416.jpg,D:\IMG\right_2023_09_28_15_16_03_416.jpg,0,1,0,30.19031
D:\IMG\center_2023_09_28_15_16_03_488.jpg,D:\IMG\left_2023_09_28_15_16_03_488.jpg,D:\IMG\right_2023_09_28_15_16_03_488.jpg,0,1,0,30.19031
D:\IMG\center_2023_09_28_15_16_03_564.jpg,D:\IMG\left_2023_09_28_15_16_03_564.jpg,D:\IMG\right_2023_09_28_15_16_03_564.jpg,0,1,0,30.19029
D:\IMG\center_2023_09_28_15_16_03_637.jpg,D:\IMG\left_2023_09_28_15_16_03_637.jpg,D:\IMG\right_2023_09_28_15_16_03_637.jpg,0,1,0,30.19031
D:\IMG\center_2023_09_28_15_16_03_712.jpg,D:\IMG\left_2023_09_28_15_16_03_712.jpg,D:\IMG\right_2023_09_28_15_16_03_712.jpg,0,1,0,30.1903
D:\IMG\center_2023_09_28_15_16_03_802.jpg,D:\IMG\left_2023_09_28_15_16_03_802.jpg,D:\IMG\right_2023_09_28_15_16_03_802.jpg,0,1,0,30.1903
D:\IMG\center_2023_09_28_15_16_03_888.jpg,D:\IMG\left_2023_09_28_15_16_03_888.jpg,D:\IMG\right_2023_09_28_15_16_03_888.jpg,0,1,0,30.19028
D:\IMG\center_2023_09_28_15_16_03_968.jpg,D:\IMG\left_2023_09_28_15_16_03_968.jpg,D:\IMG\right_2023_09_28_15_16_03_968.jpg,0,1,0,30.19029
D:\IMG\center_2023_09_28_15_16_04_041.jpg,D:\IMG\left_2023_09_28_15_16_04_041.jpg,D:\IMG\right_2023_09_28_15_16_04_041.jpg,0,1,0,30.19031
D:\IMG\center_2023_09_28_15_16_04_121.jpg,D:\IMG\left_2023_09_28_15_16_04_121.jpg,D:\IMG\right_2023_09_28_15_16_04_121.jpg,0,1,0,30.19029
D:\IMG\center_2023_09_28_15_16_04_195.jpg,D:\IMG\left_2023_09_28_15_16_04_195.jpg,D:\IMG\right_2023_09_28_15_16_04_195.jpg,0,1,0,30.19032
D:\IMG\center_2023_09_28_15_16_04_276.jpg,D:\IMG\left_2023_09_28_15_16_04_276.jpg,D:\IMG\right_2023_09_28_15_16_04_276.jpg,0,1,0,30.19031
D:\IMG\center_2023_09_28_15_16_04_356.jpg,D:\IMG\left_2023_09_28_15_16_04_356.jpg,D:\IMG\right_2023_09_28_15_16_04_356.jpg,0,1,0,30.19042
D:\IMG\center_2023_09_28_15_16_04_437.jpg,D:\IMG\left_2023_09_28_15_16_04_437.jpg,D:\IMG\right_2023_09_28_15_16_04_437.jpg,0,1,0,30.1903
D:\IMG\center_2023_09_28_15_16_04_520.jpg,D:\IMG\left_2023_09_28_15_16_04_520.jpg,D:\IMG\right_2023_09_28_15_16_04_520.jpg,-0.2,1,0,30.17982
D:\IMG\center_2023_09_28_15_16_04_589.jpg,D:\IMG\left_2023_09_28_15_16_04_589.jpg,D:\IMG\right_2023_09_28_15_16_04_589.jpg,0,1,0,30.18449
D:\IMG\center_2023_09_28_15_16_04_661.jpg,D:\IMG\left_2023_09_28_15_16_04_661.jpg,D:\IMG\right_2023_09_28_15_16_04_661.jpg,0,1,0,30.1898
D:\IMG\center_2023_09_28_15_16_04_742.jpg,D:\IMG\left_2023_09_28_15_16_04_742.jpg,D:\IMG\right_2023_09_28_15_16_04_742.jpg,0,1,0,30.1902
D:\IMG\center_2023_09_28_15_16_04_823.jpg,D:\IMG\left_2023_09_28_15_16_04_823.jpg,D:\IMG\right_2023_09_28_15_16_04_823.jpg,0,1,0,30.19028
D:\IMG\center_2023_09_28_15_16_04_906.jpg,D:\IMG\left_2023_09_28_15_16_04_906.jpg,D:\IMG\right_2023_09_28_15_16_04_906.jpg,0,1,0,30.19029
D:\IMG\center_2023_09_28_15_16_04_986.jpg,D:\IMG\left_2023_09_28_15_16_04_986.jpg,D:\IMG\right_2023_09_28_15_16_04_986.jpg,0,1,0,30.1903
D:\IMG\center_2023_09_28_15_16_05_070.jpg,D:\IMG\left_2023_09_28_15_16_05_070.jpg,D:\IMG\right_2023_09_28_15_16_05_070.jpg,0,1,0,30.19027
D:\IMG\center_2023_09_28_15_16_05_156.jpg,D:\IMG\left_2023_09_28_15_16_05_156.jpg,D:\IMG\right_2023_09_28_15_16_05_156.jpg,0,1,0,30.19029
D:\IMG\center_2023_09_28_15_16_05_229.jpg,D:\IMG\left_2023_09_28_15_16_05_229.jpg,D:\IMG\right_2023_09_28_15_16_05_229.jpg,0,1,0,30.19029
D:\IMG\center_2023_09_28_15_16_05_307.jpg,D:\IMG\left_2023_09_28_15_16_05_307.jpg,D:\IMG\right_2023_09_28_15_16_05_307.jpg,0,1,0,30.19029
D:\IMG\center_2023_09_28_15_16_05_389.jpg,D:\IMG\left_2023_09_28_15_16_05_389.jpg,D:\IMG\right_2023_09_28_15_16_05_389.jpg,0,1,0,30.19029
D:\IMG\center_2023_09_28_15_16_05_456.jpg,D:\IMG\left_2023_09_28_15_16_05_456.jpg,D:\IMG\right_2023_09_28_15_16_05_456.jpg,0,1,0,30.1903
D:\IMG\center_2023_09_28_15_16_05_538.jpg,D:\IMG\left_2023_09_28_15_16_05_538.jpg,D:\IMG\right_2023_09_28_15_16_05_538.jpg,0,1,0,30.19042
D:\IMG\center_2023_09_28_15_16_05_611.jpg,D:\IMG\left_2023_09_28_15_16_05_611.jpg,D:\IMG\right_2023_09_28_15_16_05_611.jpg,0,1,0,30.19029
D:\IMG\center_2023_09_28_15_16_05_683.jpg,D:\IMG\left_2023_09_28_15_16_05_683.jpg,D:\IMG\right_2023_09_28_15_16_05_683.jpg,0,1,0,30.19028
D:\IMG\center_2023_09_28_15_16_05_767.jpg,D:\IMG\left_2023_09_28_15_16_05_767.jpg,D:\IMG\right_2023_09_28_15_16_05_767.jpg,0,1,0,30.19039
D:\IMG\center_2023_09_28_15_16_05_840.jpg,D:\IMG\left_2023_09_28_15_16_05_840.jpg,D:\IMG\right_2023_09_28_15_16_05_840.jpg,0,1,0,30.19029
D:\IMG\center_2023_09_28_15_16_05_914.jpg,D:\IMG\left_2023_09_28_15_16_05_914.jpg,D:\IMG\right_2023_09_28_15_16_05_914.jpg,0,1,0,30.19027
D:\IMG\center_2023_09_28_15_16_05_983.jpg,D:\IMG\left_2023_09_28_15_16_05_983.jpg,D:\IMG\right_2023_09_28_15_16_05_983.jpg,0,1,0,30.19029
D:\IMG\center_2023_09_28_15_16_06_071.jpg,D:\IMG\left_2023_09_28_15_16_06_071.jpg,D:\IMG\right_2023_09_28_15_16_06_071.jpg,0,1,0,30.19007
D:\IMG\center_2023_09_28_15_16_06_150.jpg,D:\IMG\left_2023_09_28_15_16_06_150.jpg,D:\IMG\right_2023_09_28_15_16_06_150.jpg,0,1,0,30.19036
D:\IMG\center_2023_09_28_15_16_06_227.jpg,D:\IMG\left_2023_09_28_15_16_06_227.jpg,D:\IMG\right_2023_09_28_15_16_06_227.jpg,-0.05,1,0,30.18964
D:\IMG\center_2023_09_28_15_16_06_309.jpg,D:\IMG\left_2023_09_28_15_16_06_309.jpg,D:\IMG\right_2023_09_28_15_16_06_309.jpg,-0.25,1,0,30.17492
D:\IMG\center_2023_09_28_15_16_06_395.jpg,D:\IMG\left_2023_09_28_15_16_06_395.jpg,D:\IMG\right_2023_09_28_15_16_06_395.jpg,0,1,0,30.18994
D:\IMG\center_2023_09_28_15_16_06_478.jpg,D:\IMG\left_2023_09_28_15_16_06_478.jpg,D:\IMG\right_2023_09_28_15_16_06_478.jpg,0,1,0,30.19022
D:\IMG\center_2023_09_28_15_16_06_561.jpg,D:\IMG\left_2023_09_28_15_16_06_561.jpg,D:\IMG\right_2023_09_28_15_16_06_561.jpg,0,1,0,30.1903
D:\IMG\center_2023_09_28_15_16_06_646.jpg,D:\IMG\left_2023_09_28_15_16_06_646.jpg,D:\IMG\right_2023_09_28_15_16_06_646.jpg,0,1,0,30.19031
D:\IMG\center_2023_09_28_15_16_06_729.jpg,D:\IMG\left_2023_09_28_15_16_06_729.jpg,D:\IMG\right_2023_09_28_15_16_06_729.jpg,0,1,0,30.19032
D:\IMG\center_2023_09_28_15_16_06_814.jpg,D:\IMG\left_2023_09_28_15_16_06_814.jpg,D:\IMG\right_2023_09_28_15_16_06_814.jpg,0,1,0,30.19032
D:\IMG\center_2023_09_28_15_16_06_897.jpg,D:\IMG\left_2023_09_28_15_16_06_897.jpg,D:\IMG\right_2023_09_28_15_16_06_897.jpg,0,1,0,30.19033
D:\IMG\center_2023_09_28_15_16_06_979.jpg,D:\IMG\left_2023_09_28_15_16_06_979.jpg,D:\IMG\right_2023_09_28_15_16_06_979.jpg,0,1,0,30.19022
D:\IMG\center_2023_09_28_15_16_07_062.jpg,D:\IMG\left_2023_09_28_15_16_07_062.jpg,D:\IMG\right_2023_09_28_15_16_07_062.jpg,-0.15,1,0,30.18442
D:\IMG\center_2023_09_28_15_16_07_146.jpg,D:\IMG\left_2023_09_28_15_16_07_146.jpg,D:\IMG\right_2023_09_28_15_16_07_146.jpg,-0.35,1,0,30.16438
D:\IMG\center_2023_09_28_15_16_07_231.jpg,D:\IMG\left_2023_09_28_15_16_07_231.jpg,D:\IMG\right_2023_09_28_15_16_07_231.jpg,0,1,0,30.18929
D:\IMG\center_2023_09_28_15_16_07_316.jpg,D:\IMG\left_2023_09_28_15_16_07_316.jpg,D:\IMG\right_2023_09_28_15_16_07_316.jpg,0,1,0,30.19019
D:\IMG\center_2023_09_28_15_16_07_399.jpg,D:\IMG\left_2023_09_28_15_16_07_399.jpg,D:\IMG\right_2023_09_28_15_16_07_399.jpg,0,1,0,30.19034
D:\IMG\center_2023_09_28_15_16_07_478.jpg,D:\IMG\left_2023_09_28_15_16_07_478.jpg,D:\IMG\right_2023_09_28_15_16_07_478.jpg,0,1,0,30.19038
D:\IMG\center_2023_09_28_15_16_07_561.jpg,D:\IMG\left_2023_09_28_15_16_07_561.jpg,D:\IMG\right_2023_09_28_15_16_07_561.jpg,0,1,0,30.19039
D:\IMG\center_2023_09_28_15_16_07_645.jpg,D:\IMG\left_2023_09_28_15_16_07_645.jpg,D:\IMG\right_2023_09_28_15_16_07_645.jpg,0,1,0,30.19034
D:\IMG\center_2023_09_28_15_16_07_725.jpg,D:\IMG\left_2023_09_28_15_16_07_725.jpg,D:\IMG\right_2023_09_28_15_16_07_725.jpg,0,1,0,30.19049
D:\IMG\center_2023_09_28_15_16_07_811.jpg,D:\IMG\left_2023_09_28_15_16_07_811.jpg,D:\IMG\right_2023_09_28_15_16_07_811.jpg,0,1,0,30.19031
D:\IMG\center_2023_09_28_15_16_07_896.jpg,D:\IMG\left_2023_09_28_15_16_07_896.jpg,D:\IMG\right_2023_09_28_15_16_07_896.jpg,0,1,0,30.19026
D:\IMG\center_2023_09_28_15_16_07_978.jpg,D:\IMG\left_2023_09_28_15_16_07_978.jpg,D:\IMG\right_2023_09_28_15_16_07_978.jpg,0,1,0,30.19028
D:\IMG\center_2023_09_28_15_16_08_058.jpg,D:\IMG\left_2023_09_28_15_16_08_058.jpg,D:\IMG\right_2023_09_28_15_16_08_058.jpg,0,1,0,30.19031
D:\IMG\center_2023_09_28_15_16_08_142.jpg,D:\IMG\left_2023_09_28_15_16_08_142.jpg,D:\IMG\right_2023_09_28_15_16_08_142.jpg,0,1,0,30.19028
D:\IMG\center_2023_09_28_15_16_08_226.jpg,D:\IMG\left_2023_09_28_15_16_08_226.jpg,D:\IMG\right_2023_09_28_15_16_08_226.jpg,0,1,0,30.19028
D:\IMG\center_2023_09_28_15_16_08_309.jpg,D:\IMG\left_2023_09_28_15_16_08_309.jpg,D:\IMG\right_2023_09_28_15_16_08_309.jpg,0,1,0,30.1903
D:\IMG\center_2023_09_28_15_16_08_396.jpg,D:\IMG\left_2023_09_28_15_16_08_396.jpg,D:\IMG\right_2023_09_28_15_16_08_396.jpg,0,1,0,30.19031
D:\IMG\center_2023_09_28_15_16_08_480.jpg,D:\IMG\left_2023_09_28_15_16_08_480.jpg,D:\IMG\right_2023_09_28_15_16_08_480.jpg,0,1,0,30.19028
D:\IMG\center_2023_09_28_15_16_08_564.jpg,D:\IMG\left_2023_09_28_15_16_08_564.jpg,D:\IMG\right_2023_09_28_15_16_08_564.jpg,0,1,0,30.19036
D:\IMG\center_2023_09_28_15_16_08_647.jpg,D:\IMG\left_2023_09_28_15_16_08_647.jpg,D:\IMG\right_2023_09_28_15_16_08_647.jpg,0,1,0,30.19031
D:\IMG\center_2023_09_28_15_16_08_729.jpg,D:\IMG\left_2023_09_28_15_16_08_729.jpg,D:\IMG\right_2023_09_28_15_16_08_729.jpg,0,1,0,30.19029
D:\IMG\center_2023_09_28_15_16_08_812.jpg,D:\IMG\left_2023_09_28_15_16_08_812.jpg,D:\IMG\right_2023_09_28_15_16_08_812.jpg,0,1,0,30.19032
D:\IMG\center_2023_09_28_15_16_08_897.jpg,D:\IMG\left_2023_09_28_15_16_08_897.jpg,D:\IMG\right_2023_09_28_15_16_08_897.jpg,-0.1,1,0,30.18767
D:\IMG\center_2023_09_28_15_16_08_980.jpg,D:\IMG\left_2023_09_28_15_16_08_980.jpg,D:\IMG\right_2023_09_28_15_16_08_980.jpg,0,1,0,30.19108
D:\IMG\center_2023_09_28_15_16_09_064.jpg,D:\IMG\left_2023_09_28_15_16_09_064.jpg,D:\IMG\right_2023_09_28_15_16_09_064.jpg,0,1,0,30.19024
D:\IMG\center_2023_09_28_15_16_09_146.jpg,D:\IMG\left_2023_09_28_15_16_09_146.jpg,D:\IMG\right_2023_09_28_15_16_09_146.jpg,0,1,0,30.19029
D:\IMG\center_2023_09_28_15_16_09_229.jpg,D:\IMG\left_2023_09_28_15_16_09_229.jpg,D:\IMG\right_2023_09_28_15_16_09_229.jpg,0,1,0,30.1903
D:\IMG\center_2023_09_28_15_16_09_312.jpg,D:\IMG\left_2023_09_28_15_16_09_312.jpg,D:\IMG\right_2023_09_28_15_16_09_312.jpg,0,1,0,30.19028
D:\IMG\center_2023_09_28_15_16_09_395.jpg,D:\IMG\left_2023_09_28_15_16_09_395.jpg,D:\IMG\right_2023_09_28_15_16_09_395.jpg,0,1,0,30.19029
D:\IMG\center_2023_09_28_15_16_09_476.jpg,D:\IMG\left_2023_09_28_15_16_09_476.jpg,D:\IMG\right_2023_09_28_15_16_09_476.jpg,0,1,0,30.1903
D:\IMG\center_2023_09_28_15_16_09_559.jpg,D:\IMG\left_2023_09_28_15_16_09_559.jpg,D:\IMG\right_2023_09_28_15_16_09_559.jpg,0,1,0,30.19028
D:\IMG\center_2023_09_28_15_16_09_644.jpg,D:\IMG\left_2023_09_28_15_16_09_644.jpg,D:\IMG\right_2023_09_28_15_16_09_644.jpg,0,1,0,30.1903
D:\IMG\center_2023_09_28_15_16_09_728.jpg,D:\IMG\left_2023_09_28_15_16_09_728.jpg,D:\IMG\right_2023_09_28_15_16_09_728.jpg,0,1,0,30.19029
D:\IMG\center_2023_09_28_15_16_09_811.jpg,D:\IMG\left_2023_09_28_15_16_09_811.jpg,D:\IMG\right_2023_09_28_15_16_09_811.jpg,0,1,0,30.19034
D:\IMG\center_2023_09_28_15_16_09_896.jpg,D:\IMG\left_2023_09_28_15_16_09_896.jpg,D:\IMG\right_2023_09_28_15_16_09_896.jpg,0,1,0,30.19031
D:\IMG\center_2023_09_28_15_16_09_963.jpg,D:\IMG\left_2023_09_28_15_16_09_963.jpg,D:\IMG\right_2023_09_28_15_16_09_963.jpg,0,1,0,30.1902
D:\IMG\center_2023_09_28_15_16_10_031.jpg,D:\IMG\left_2023_09_28_15_16_10_031.jpg,D:\IMG\right_2023_09_28_15_16_10_031.jpg,-0.1,1,0,30.18766
D:\IMG\center_2023_09_28_15_16_10_108.jpg,D:\IMG\left_2023_09_28_15_16_10_108.jpg,D:\IMG\right_2023_09_28_15_16_10_108.jpg,0,1,0,30.18594
D:\IMG\center_2023_09_28_15_16_10_175.jpg,D:\IMG\left_2023_09_28_15_16_10_175.jpg,D:\IMG\right_2023_09_28_15_16_10_175.jpg,0,1,0,30.18998
D:\IMG\center_2023_09_28_15_16_10_246.jpg,D:\IMG\left_2023_09_28_15_16_10_246.jpg,D:\IMG\right_2023_09_28_15_16_10_246.jpg,0,1,0,30.1902
D:\IMG\center_2023_09_28_15_16_10_315.jpg,D:\IMG\left_2023_09_28_15_16_10_315.jpg,D:\IMG\right_2023_09_28_15_16_10_315.jpg,0,1,0,30.19031
D:\IMG\center_2023_09_28_15_16_10_387.jpg,D:\IMG\left_2023_09_28_15_16_10_387.jpg,D:\IMG\right_2023_09_28_15_16_10_387.jpg,0,1,0,30.1903
D:\IMG\center_2023_09_28_15_16_10_460.jpg,D:\IMG\left_2023_09_28_15_16_10_460.jpg,D:\IMG\right_2023_09_28_15_16_10_460.jpg,0,1,0,30.1903
D:\IMG\center_2023_09_28_15_16_10_529.jpg,D:\IMG\left_2023_09_28_15_16_10_529.jpg,D:\IMG\right_2023_09_28_15_16_10_529.jpg,0,1,0,30.19029
D:\IMG\center_2023_09_28_15_16_10_614.jpg,D:\IMG\left_2023_09_28_15_16_10_614.jpg,D:\IMG\right_2023_09_28_15_16_10_614.jpg,0,1,0,30.19029
D:\IMG\center_2023_09_28_15_16_10_693.jpg,D:\IMG\left_2023_09_28_15_16_10_693.jpg,D:\IMG\right_2023_09_28_15_16_10_693.jpg,0,1,0,30.19032
D:\IMG\center_2023_09_28_15_16_10_771.jpg,D:\IMG\left_2023_09_28_15_16_10_771.jpg,D:\IMG\right_2023_09_28_15_16_10_771.jpg,0,1,0,30.1903
D:\IMG\center_2023_09_28_15_16_10_855.jpg,D:\IMG\left_2023_09_28_15_16_10_855.jpg,D:\IMG\right_2023_09_28_15_16_10_855.jpg,0,1,0,30.19032
D:\IMG\center_2023_09_28_15_16_10_940.jpg,D:\IMG\left_2023_09_28_15_16_10_940.jpg,D:\IMG\right_2023_09_28_15_16_10_940.jpg,0,1,0,30.1903
D:\IMG\center_2023_09_28_15_16_11_009.jpg,D:\IMG\left_2023_09_28_15_16_11_009.jpg,D:\IMG\right_2023_09_28_15_16_11_009.jpg,0,1,0,30.19031
D:\IMG\center_2023_09_28_15_16_11_088.jpg,D:\IMG\left_2023_09_28_15_16_11_088.jpg,D:\IMG\right_2023_09_28_15_16_11_088.jpg,0,1,0,30.19031
D:\IMG\center_2023_09_28_15_16_11_167.jpg,D:\IMG\left_2023_09_28_15_16_11_167.jpg,D:\IMG\right_2023_09_28_15_16_11_167.jpg,-0.05,1,0,30.18993
D:\IMG\center_2023_09_28_15_16_11_252.jpg,D:\IMG\left_2023_09_28_15_16_11_252.jpg,D:\IMG\right_2023_09_28_15_16_11_252.jpg,-0.25,1,0,30.17463
D:\IMG\center_2023_09_28_15_16_11_338.jpg,D:\IMG\left_2023_09_28_15_16_11_338.jpg,D:\IMG\right_2023_09_28_15_16_11_338.jpg,0,1,0,30.18985
D:\IMG\center_2023_09_28_15_16_11_423.jpg,D:\IMG\left_2023_09_28_15_16_11_423.jpg,D:\IMG\right_2023_09_28_15_16_11_423.jpg,0,1,0,30.19018
D:\IMG\center_2023_09_28_15_16_11_505.jpg,D:\IMG\left_2023_09_28_15_16_11_505.jpg,D:\IMG\right_2023_09_28_15_16_11_505.jpg,0,1,0,30.19027
D:\IMG\center_2023_09_28_15_16_11_580.jpg,D:\IMG\left_2023_09_28_15_16_11_580.jpg,D:\IMG\right_2023_09_28_15_16_11_580.jpg,0,1,0,30.1903
D:\IMG\center_2023_09_28_15_16_11_662.jpg,D:\IMG\left_2023_09_28_15_16_11_662.jpg,D:\IMG\right_2023_09_28_15_16_11_662.jpg,0,1,0,30.19034
D:\IMG\center_2023_09_28_15_16_11_741.jpg,D:\IMG\left_2023_09_28_15_16_11_741.jpg,D:\IMG\right_2023_09_28_15_16_11_741.jpg,0,1,0,30.19035
D:\IMG\center_2023_09_28_15_16_11_825.jpg,D:\IMG\left_2023_09_28_15_16_11_825.jpg,D:\IMG\right_2023_09_28_15_16_11_825.jpg,0,1,0,30.19033
D:\IMG\center_2023_09_28_15_16_11_903.jpg,D:\IMG\left_2023_09_28_15_16_11_903.jpg,D:\IMG\right_2023_09_28_15_16_11_903.jpg,0,1,0,30.19029
D:\IMG\center_2023_09_28_15_16_11_984.jpg,D:\IMG\left_2023_09_28_15_16_11_984.jpg,D:\IMG\right_2023_09_28_15_16_11_984.jpg,0,1,0,30.19029
D:\IMG\center_2023_09_28_15_16_12_064.jpg,D:\IMG\left_2023_09_28_15_16_12_064.jpg,D:\IMG\right_2023_09_28_15_16_12_064.jpg,0,1,0,30.19032
D:\IMG\center_2023_09_28_15_16_12_142.jpg,D:\IMG\left_2023_09_28_15_16_12_142.jpg,D:\IMG\right_2023_09_28_15_16_12_142.jpg,0,1,0,30.19036
D:\IMG\center_2023_09_28_15_16_12_223.jpg,D:\IMG\left_2023_09_28_15_16_12_223.jpg,D:\IMG\right_2023_09_28_15_16_12_223.jpg,0,1,0,30.19029
D:\IMG\center_2023_09_28_15_16_12_305.jpg,D:\IMG\left_2023_09_28_15_16_12_305.jpg,D:\IMG\right_2023_09_28_15_16_12_305.jpg,0,1,0,30.1903
D:\IMG\center_2023_09_28_15_16_12_384.jpg,D:\IMG\left_2023_09_28_15_16_12_384.jpg,D:\IMG\right_2023_09_28_15_16_12_384.jpg,0,1,0,30.19028
D:\IMG\center_2023_09_28_15_16_12_461.jpg,D:\IMG\left_2023_09_28_15_16_12_461.jpg,D:\IMG\right_2023_09_28_15_16_12_461.jpg,0,1,0,30.19032
D:\IMG\center_2023_09_28_15_16_12_538.jpg,D:\IMG\left_2023_09_28_15_16_12_538.jpg,D:\IMG\right_2023_09_28_15_16_12_538.jpg,0,1,0,30.19053
D:\IMG\center_2023_09_28_15_16_12_619.jpg,D:\IMG\left_2023_09_28_15_16_12_619.jpg,D:\IMG\right_2023_09_28_15_16_12_619.jpg,0,1,0,30.1903
D:\IMG\center_2023_09_28_15_16_12_697.jpg,D:\IMG\left_2023_09_28_15_16_12_697.jpg,D:\IMG\right_2023_09_28_15_16_12_697.jpg,-0.05,1,0,30.18974
D:\IMG\center_2023_09_28_15_16_12_776.jpg,D:\IMG\left_2023_09_28_15_16_12_776.jpg,D:\IMG\right_2023_09_28_15_16_12_776.jpg,-0.25,1,0,30.17476
D:\IMG\center_2023_09_28_15_16_12_854.jpg,D:\IMG\left_2023_09_28_15_16_12_854.jpg,D:\IMG\right_2023_09_28_15_16_12_854.jpg,0,1,0,30.18873
D:\IMG\center_2023_09_28_15_16_12_936.jpg,D:\IMG\left_2023_09_28_15_16_12_936.jpg,D:\IMG\right_2023_09_28_15_16_12_936.jpg,0,1,0,30.18998
D:\IMG\center_2023_09_28_15_16_13_018.jpg,D:\IMG\left_2023_09_28_15_16_13_018.jpg,D:\IMG\right_2023_09_28_15_16_13_018.jpg,0,1,0,30.19022
D:\IMG\center_2023_09_28_15_16_13_090.jpg,D:\IMG\left_2023_09_28_15_16_13_090.jpg,D:\IMG\right_2023_09_28_15_16_13_090.jpg,0,1,0,30.19028
D:\IMG\center_2023_09_28_15_16_13_166.jpg,D:\IMG\left_2023_09_28_15_16_13_166.jpg,D:\IMG\right_2023_09_28_15_16_13_166.jpg,0,1,0,30.19031
D:\IMG\center_2023_09_28_15_16_13_243.jpg,D:\IMG\left_2023_09_28_15_16_13_243.jpg,D:\IMG\right_2023_09_28_15_16_13_243.jpg,0,1,0,30.19034
D:\IMG\center_2023_09_28_15_16_13_321.jpg,D:\IMG\left_2023_09_28_15_16_13_321.jpg,D:\IMG\right_2023_09_28_15_16_13_321.jpg,0,1,0,30.19036
D:\IMG\center_2023_09_28_15_16_13_399.jpg,D:\IMG\left_2023_09_28_15_16_13_399.jpg,D:\IMG\right_2023_09_28_15_16_13_399.jpg,0,1,0,30.19034
D:\IMG\center_2023_09_28_15_16_13_478.jpg,D:\IMG\left_2023_09_28_15_16_13_478.jpg,D:\IMG\right_2023_09_28_15_16_13_478.jpg,0,1,0,30.19034
D:\IMG\center_2023_09_28_15_16_13_556.jpg,D:\IMG\left_2023_09_28_15_16_13_556.jpg,D:\IMG\right_2023_09_28_15_16_13_556.jpg,0,1,0,30.19028
D:\IMG\center_2023_09_28_15_16_13_635.jpg,D:\IMG\left_2023_09_28_15_16_13_635.jpg,D:\IMG\right_2023_09_28_15_16_13_635.jpg,0,1,0,30.1903
D:\IMG\center_2023_09_28_15_16_13_712.jpg,D:\IMG\left_2023_09_28_15_16_13_712.jpg,D:\IMG\right_2023_09_28_15_16_13_712.jpg,0,1,0,30.19029
D:\IMG\center_2023_09_28_15_16_13_790.jpg,D:\IMG\left_2023_09_28_15_16_13_790.jpg,D:\IMG\right_2023_09_28_15_16_13_790.jpg,0,1,0,30.19031
D:\IMG\center_2023_09_28_15_16_13_868.jpg,D:\IMG\left_2023_09_28_15_16_13_868.jpg,D:\IMG\right_2023_09_28_15_16_13_868.jpg,0,1,0,30.19027
D:\IMG\center_2023_09_28_15_16_13_945.jpg,D:\IMG\left_2023_09_28_15_16_13_945.jpg,D:\IMG\right_2023_09_28_15_16_13_945.jpg,0,1,0,30.1903
D:\IMG\center_2023_09_28_15_16_14_020.jpg,D:\IMG\left_2023_09_28_15_16_14_020.jpg,D:\IMG\right_2023_09_28_15_16_14_020.jpg,0,1,0,30.1903
D:\IMG\center_2023_09_28_15_16_14_098.jpg,D:\IMG\left_2023_09_28_15_16_14_098.jpg,D:\IMG\right_2023_09_28_15_16_14_098.jpg,0,1,0,30.19023
D:\IMG\center_2023_09_28_15_16_14_176.jpg,D:\IMG\left_2023_09_28_15_16_14_176.jpg,D:\IMG\right_2023_09_28_15_16_14_176.jpg,-0.2,1,0,30.17988
D:\IMG\center_2023_09_28_15_16_14_252.jpg,D:\IMG\left_2023_09_28_15_16_14_252.jpg,D:\IMG\right_2023_09_28_15_16_14_252.jpg,0,1,0,30.19091
D:\IMG\center_2023_09_28_15_16_14_325.jpg,D:\IMG\left_2023_09_28_15_16_14_325.jpg,D:\IMG\right_2023_09_28_15_16_14_325.jpg,0,1,0,30.18991
D:\IMG\center_2023_09_28_15_16_14_400.jpg,D:\IMG\left_2023_09_28_15_16_14_400.jpg,D:\IMG\right_2023_09_28_15_16_14_400.jpg,0,1,0,30.19018
D:\IMG\center_2023_09_28_15_16_14_476.jpg,D:\IMG\left_2023_09_28_15_16_14_476.jpg,D:\IMG\right_2023_09_28_15_16_14_476.jpg,0,1,0,30.1903
D:\IMG\center_2023_09_28_15_16_14_550.jpg,D:\IMG\left_2023_09_28_15_16_14_550.jpg,D:\IMG\right_2023_09_28_15_16_14_550.jpg,0,1,0,30.1903
D:\IMG\center_2023_09_28_15_16_14_623.jpg,D:\IMG\left_2023_09_28_15_16_14_623.jpg,D:\IMG\right_2023_09_28_15_16_14_623.jpg,0,1,0,30.19029
D:\IMG\center_2023_09_28_15_16_14_698.jpg,D:\IMG\left_2023_09_28_15_16_14_698.jpg,D:\IMG\right_2023_09_28_15_16_14_698.jpg,0,1,0,30.19025
D:\IMG\center_2023_09_28_15_16_14_772.jpg,D:\IMG\left_2023_09_28_15_16_14_772.jpg,D:\IMG\right_2023_09_28_15_16_14_772.jpg,0,1,0,30.1903
D:\IMG\center_2023_09_28_15_16_14_844.jpg,D:\IMG\left_2023_09_28_15_16_14_844.jpg,D:\IMG\right_2023_09_28_15_16_14_844.jpg,0,1,0,30.19029
D:\IMG\center_2023_09_28_15_16_14_921.jpg,D:\IMG\left_2023_09_28_15_16_14_921.jpg,D:\IMG\right_2023_09_28_15_16_14_921.jpg,0,1,0,30.19028
D:\IMG\center_2023_09_28_15_16_14_997.jpg,D:\IMG\left_2023_09_28_15_16_14_997.jpg,D:\IMG\right_2023_09_28_15_16_14_997.jpg,0,1,0,30.19031
D:\IMG\center_2023_09_28_15_16_15_069.jpg,D:\IMG\left_2023_09_28_15_16_15_069.jpg,D:\IMG\right_2023_09_28_15_16_15_069.jpg,0,1,0,30.19029
D:\IMG\center_2023_09_28_15_16_15_147.jpg,D:\IMG\left_2023_09_28_15_16_15_147.jpg,D:\IMG\right_2023_09_28_15_16_15_147.jpg,-0.2,1,0,30.18023
D:\IMG\center_2023_09_28_15_16_15_222.jpg,D:\IMG\left_2023_09_28_15_16_15_222.jpg,D:\IMG\right_2023_09_28_15_16_15_222.jpg,0,1,0,30.18289
D:\IMG\center_2023_09_28_15_16_15_299.jpg,D:\IMG\left_2023_09_28_15_16_15_299.jpg,D:\IMG\right_2023_09_28_15_16_15_299.jpg,0,1,0,30.18937
D:\IMG\center_2023_09_28_15_16_15_371.jpg,D:\IMG\left_2023_09_28_15_16_15_371.jpg,D:\IMG\right_2023_09_28_15_16_15_371.jpg,0,1,0,30.19008
D:\IMG\center_2023_09_28_15_16_15_445.jpg,D:\IMG\left_2023_09_28_15_16_15_445.jpg,D:\IMG\right_2023_09_28_15_16_15_445.jpg,0,1,0,30.18985
D:\IMG\center_2023_09_28_15_16_15_519.jpg,D:\IMG\left_2023_09_28_15_16_15_519.jpg,D:\IMG\right_2023_09_28_15_16_15_519.jpg,0,1,0,30.19028
D:\IMG\center_2023_09_28_15_16_15_600.jpg,D:\IMG\left_2023_09_28_15_16_15_600.jpg,D:\IMG\right_2023_09_28_15_16_15_600.jpg,0,1,0,30.19027
D:\IMG\center_2023_09_28_15_16_15_668.jpg,D:\IMG\left_2023_09_28_15_16_15_668.jpg,D:\IMG\right_2023_09_28_15_16_15_668.jpg,0,1,0,30.19033
D:\IMG\center_2023_09_28_15_16_15_738.jpg,D:\IMG\left_2023_09_28_15_16_15_738.jpg,D:\IMG\right_2023_09_28_15_16_15_738.jpg,0,1,0,30.19034
D:\IMG\center_2023_09_28_15_16_15_814.jpg,D:\IMG\left_2023_09_28_15_16_15_814.jpg,D:\IMG\right_2023_09_28_15_16_15_814.jpg,0,1,0,30.19029
D:\IMG\center_2023_09_28_15_16_15_886.jpg,D:\IMG\left_2023_09_28_15_16_15_886.jpg,D:\IMG\right_2023_09_28_15_16_15_886.jpg,0,1,0,30.1903
D:\IMG\center_2023_09_28_15_16_15_959.jpg,D:\IMG\left_2023_09_28_15_16_15_959.jpg,D:\IMG\right_2023_09_28_15_16_15_959.jpg,0,1,0,30.19034
D:\IMG\center_2023_09_28_15_16_16_032.jpg,D:\IMG\left_2023_09_28_15_16_16_032.jpg,D:\IMG\right_2023_09_28_15_16_16_032.jpg,0,1,0,30.19029
D:\IMG\center_2023_09_28_15_16_16_107.jpg,D:\IMG\left_2023_09_28_15_16_16_107.jpg,D:\IMG\right_2023_09_28_15_16_16_107.jpg,0,1,0,30.19029
D:\IMG\center_2023_09_28_15_16_16_180.jpg,D:\IMG\left_2023_09_28_15_16_16_180.jpg,D:\IMG\right_2023_09_28_15_16_16_180.jpg,0,1,0,30.19027
D:\IMG\center_2023_09_28_15_16_16_254.jpg,D:\IMG\left_2023_09_28_15_16_16_254.jpg,D:\IMG\right_2023_09_28_15_16_16_254.jpg,0,1,0,30.1903
D:\IMG\center_2023_09_28_15_16_16_331.jpg,D:\IMG\left_2023_09_28_15_16_16_331.jpg,D:\IMG\right_2023_09_28_15_16_16_331.jpg,0,1,0,30.19028
D:\IMG\center_2023_09_28_15_16_16_400.jpg,D:\IMG\left_2023_09_28_15_16_16_400.jpg,D:\IMG\right_2023_09_28_15_16_16_400.jpg,0,1,0,30.19029
D:\IMG\center_2023_09_28_15_16_16_475.jpg,D:\IMG\left_2023_09_28_15_16_16_475.jpg,D:\IMG\right_2023_09_28_15_16_16_475.jpg,0,1,0,30.19042
D:\IMG\center_2023_09_28_15_16_16_549.jpg,D:\IMG\left_2023_09_28_15_16_16_549.jpg,D:\IMG\right_2023_09_28_15_16_16_549.jpg,0,1,0,30.19033
D:\IMG\center_2023_09_28_15_16_16_619.jpg,D:\IMG\left_2023_09_28_15_16_16_619.jpg,D:\IMG\right_2023_09_28_15_16_16_619.jpg,0,1,0,30.19048
D:\IMG\center_2023_09_28_15_16_16_697.jpg,D:\IMG\left_2023_09_28_15_16_16_697.jpg,D:\IMG\right_2023_09_28_15_16_16_697.jpg,0,1,0,30.19044
D:\IMG\center_2023_09_28_15_16_16_768.jpg,D:\IMG\left_2023_09_28_15_16_16_768.jpg,D:\IMG\right_2023_09_28_15_16_16_768.jpg,0,1,0,30.19016
D:\IMG\center_2023_09_28_15_16_16_842.jpg,D:\IMG\left_2023_09_28_15_16_16_842.jpg,D:\IMG\right_2023_09_28_15_16_16_842.jpg,0,1,0,30.1901
D:\IMG\center_2023_09_28_15_16_16_917.jpg,D:\IMG\left_2023_09_28_15_16_16_917.jpg,D:\IMG\right_2023_09_28_15_16_16_917.jpg,0,1,0,30.19007
D:\IMG\center_2023_09_28_15_16_16_992.jpg,D:\IMG\left_2023_09_28_15_16_16_992.jpg,D:\IMG\right_2023_09_28_15_16_16_992.jpg,-0.05,1,0,30.18962
D:\IMG\center_2023_09_28_15_16_17_066.jpg,D:\IMG\left_2023_09_28_15_16_17_066.jpg,D:\IMG\right_2023_09_28_15_16_17_066.jpg,0,1,0,30.19072
D:\IMG\center_2023_09_28_15_16_17_142.jpg,D:\IMG\left_2023_09_28_15_16_17_142.jpg,D:\IMG\right_2023_09_28_15_16_17_142.jpg,0,1,0,30.19012
D:\IMG\center_2023_09_28_15_16_17_218.jpg,D:\IMG\left_2023_09_28_15_16_17_218.jpg,D:\IMG\right_2023_09_28_15_16_17_218.jpg,0,1,0,30.19015
D:\IMG\center_2023_09_28_15_16_17_290.jpg,D:\IMG\left_2023_09_28_15_16_17_290.jpg,D:\IMG\right_2023_09_28_15_16_17_290.jpg,0,1,0,30.1902
D:\IMG\center_2023_09_28_15_16_17_361.jpg,D:\IMG\left_2023_09_28_15_16_17_361.jpg,D:\IMG\right_2023_09_28_15_16_17_361.jpg,0,1,0,30.19019
D:\IMG\center_2023_09_28_15_16_17_435.jpg,D:\IMG\left_2023_09_28_15_16_17_435.jpg,D:\IMG\right_2023_09_28_15_16_17_435.jpg,0,1,0,30.19018
D:\IMG\center_2023_09_28_15_16_17_510.jpg,D:\IMG\left_2023_09_28_15_16_17_510.jpg,D:\IMG\right_2023_09_28_15_16_17_510.jpg,-0.15,1,0,30.18446
D:\IMG\center_2023_09_28_15_16_17_583.jpg,D:\IMG\left_2023_09_28_15_16_17_583.jpg,D:\IMG\right_2023_09_28_15_16_17_583.jpg,0,1,0,30.19072
D:\IMG\center_2023_09_28_15_16_17_661.jpg,D:\IMG\left_2023_09_28_15_16_17_661.jpg,D:\IMG\right_2023_09_28_15_16_17_661.jpg,0,1,0,30.19007
D:\IMG\center_2023_09_28_15_16_17_736.jpg,D:\IMG\left_2023_09_28_15_16_17_736.jpg,D:\IMG\right_2023_09_28_15_16_17_736.jpg,-0.05,1,0,30.18942
D:\IMG\center_2023_09_28_15_16_17_808.jpg,D:\IMG\left_2023_09_28_15_16_17_808.jpg,D:\IMG\right_2023_09_28_15_16_17_808.jpg,0,1,0,30.18849
D:\IMG\center_2023_09_28_15_16_17_882.jpg,D:\IMG\left_2023_09_28_15_16_17_882.jpg,D:\IMG\right_2023_09_28_15_16_17_882.jpg,0,1,0,30.19
D:\IMG\center_2023_09_28_15_16_17_958.jpg,D:\IMG\left_2023_09_28_15_16_17_958.jpg,D:\IMG\right_2023_09_28_15_16_17_958.jpg,0,1,0,30.18962
D:\IMG\center_2023_09_28_15_16_18_031.jpg,D:\IMG\left_2023_09_28_15_16_18_031.jpg,D:\IMG\right_2023_09_28_15_16_18_031.jpg,0,1,0,30.18998
D:\IMG\center_2023_09_28_15_16_18_104.jpg,D:\IMG\left_2023_09_28_15_16_18_104.jpg,D:\IMG\right_2023_09_28_15_16_18_104.jpg,-0.1,1,0,30.18785
D:\IMG\center_2023_09_28_15_16_18_177.jpg,D:\IMG\left_2023_09_28_15_16_18_177.jpg,D:\IMG\right_2023_09_28_15_16_18_177.jpg,-0.3,1,0,30.16985
D:\IMG\center_2023_09_28_15_16_18_251.jpg,D:\IMG\left_2023_09_28_15_16_18_251.jpg,D:\IMG\right_2023_09_28_15_16_18_251.jpg,0,1,0,30.18965
D:\IMG\center_2023_09_28_15_16_18_321.jpg,D:\IMG\left_2023_09_28_15_16_18_321.jpg,D:\IMG\right_2023_09_28_15_16_18_321.jpg,0,1,0,30.1898
D:\IMG\center_2023_09_28_15_16_18_391.jpg,D:\IMG\left_2023_09_28_15_16_18_391.jpg,D:\IMG\right_2023_09_28_15_16_18_391.jpg,-0.1,1,0,30.18946
D:\IMG\center_2023_09_28_15_16_18_461.jpg,D:\IMG\left_2023_09_28_15_16_18_461.jpg,D:\IMG\right_2023_09_28_15_16_18_461.jpg,-0.3,1,0,30.1724
D:\IMG\center_2023_09_28_15_16_18_532.jpg,D:\IMG\left_2023_09_28_15_16_18_532.jpg,D:\IMG\right_2023_09_28_15_16_18_532.jpg,0,1,0,30.18919
D:\IMG\center_2023_09_28_15_16_18_605.jpg,D:\IMG\left_2023_09_28_15_16_18_605.jpg,D:\IMG\right_2023_09_28_15_16_18_605.jpg,0,1,0,30.18992
D:\IMG\center_2023_09_28_15_16_18_675.jpg,D:\IMG\left_2023_09_28_15_16_18_675.jpg,D:\IMG\right_2023_09_28_15_16_18_675.jpg,-0.05,1,0,30.19042
D:\IMG\center_2023_09_28_15_16_18_744.jpg,D:\IMG\left_2023_09_28_15_16_18_744.jpg,D:\IMG\right_2023_09_28_15_16_18_744.jpg,0,1,0,30.18932
D:\IMG\center_2023_09_28_15_16_18_813.jpg,D:\IMG\left_2023_09_28_15_16_18_813.jpg,D:\IMG\right_2023_09_28_15_16_18_813.jpg,0,1,0,30.19049
D:\IMG\center_2023_09_28_15_16_18_883.jpg,D:\IMG\left_2023_09_28_15_16_18_883.jpg,D:\IMG\right_2023_09_28_15_16_18_883.jpg,0,1,0,30.19105
D:\IMG\center_2023_09_28_15_16_18_955.jpg,D:\IMG\left_2023_09_28_15_16_18_955.jpg,D:\IMG\right_2023_09_28_15_16_18_955.jpg,0,1,0,30.19028
D:\IMG\center_2023_09_28_15_16_19_023.jpg,D:\IMG\left_2023_09_28_15_16_19_023.jpg,D:\IMG\right_2023_09_28_15_16_19_023.jpg,0,1,0,30.19042
D:\IMG\center_2023_09_28_15_16_19_094.jpg,D:\IMG\left_2023_09_28_15_16_19_094.jpg,D:\IMG\right_2023_09_28_15_16_19_094.jpg,0,1,0,30.19156
D:\IMG\center_2023_09_28_15_16_19_164.jpg,D:\IMG\left_2023_09_28_15_16_19_164.jpg,D:\IMG\right_2023_09_28_15_16_19_164.jpg,0,1,0,30.19005
D:\IMG\center_2023_09_28_15_16_19_232.jpg,D:\IMG\left_2023_09_28_15_16_19_232.jpg,D:\IMG\right_2023_09_28_15_16_19_232.jpg,0,1,0,30.1903
D:\IMG\center_2023_09_28_15_16_19_305.jpg,D:\IMG\left_2023_09_28_15_16_19_305.jpg,D:\IMG\right_2023_09_28_15_16_19_305.jpg,0,1,0,30.19036
D:\IMG\center_2023_09_28_15_16_19_375.jpg,D:\IMG\left_2023_09_28_15_16_19_375.jpg,D:\IMG\right_2023_09_28_15_16_19_375.jpg,0,1,0,30.19034
D:\IMG\center_2023_09_28_15_16_19_446.jpg,D:\IMG\left_2023_09_28_15_16_19_446.jpg,D:\IMG\right_2023_09_28_15_16_19_446.jpg,0,1,0,30.19034
D:\IMG\center_2023_09_28_15_16_19_515.jpg,D:\IMG\left_2023_09_28_15_16_19_515.jpg,D:\IMG\right_2023_09_28_15_16_19_515.jpg,-0.1,1,0,30.18787
D:\IMG\center_2023_09_28_15_16_19_587.jpg,D:\IMG\left_2023_09_28_15_16_19_587.jpg,D:\IMG\right_2023_09_28_15_16_19_587.jpg,-0.25,1,0,30.17517
D:\IMG\center_2023_09_28_15_16_19_659.jpg,D:\IMG\left_2023_09_28_15_16_19_659.jpg,D:\IMG\right_2023_09_28_15_16_19_659.jpg,0,1,0,30.18886
D:\IMG\center_2023_09_28_15_16_19_726.jpg,D:\IMG\left_2023_09_28_15_16_19_726.jpg,D:\IMG\right_2023_09_28_15_16_19_726.jpg,0,1,0,30.19016
D:\IMG\center_2023_09_28_15_16_19_795.jpg,D:\IMG\left_2023_09_28_15_16_19_795.jpg,D:\IMG\right_2023_09_28_15_16_19_795.jpg,0,1,0,30.19041
D:\IMG\center_2023_09_28_15_16_19_865.jpg,D:\IMG\left_2023_09_28_15_16_19_865.jpg,D:\IMG\right_2023_09_28_15_16_19_865.jpg,0,1,0,30.19047
D:\IMG\center_2023_09_28_15_16_19_932.jpg,D:\IMG\left_2023_09_28_15_16_19_932.jpg,D:\IMG\right_2023_09_28_15_16_19_932.jpg,0,1,0,30.19044
D:\IMG\center_2023_09_28_15_16_20_003.jpg,D:\IMG\left_2023_09_28_15_16_20_003.jpg,D:\IMG\right_2023_09_28_15_16_20_003.jpg,0,1,0,30.19033
D:\IMG\center_2023_09_28_15_16_20_071.jpg,D:\IMG\left_2023_09_28_15_16_20_071.jpg,D:\IMG\right_2023_09_28_15_16_20_071.jpg,0,1,0,30.1904
D:\IMG\center_2023_09_28_15_16_20_139.jpg,D:\IMG\left_2023_09_28_15_16_20_139.jpg,D:\IMG\right_2023_09_28_15_16_20_139.jpg,0,1,0,30.19054
D:\IMG\center_2023_09_28_15_16_20_207.jpg,D:\IMG\left_2023_09_28_15_16_20_207.jpg,D:\IMG\right_2023_09_28_15_16_20_207.jpg,-0.15,1,0,30.18402
D:\IMG\center_2023_09_28_15_16_20_274.jpg,D:\IMG\left_2023_09_28_15_16_20_274.jpg,D:\IMG\right_2023_09_28_15_16_20_274.jpg,-0.35,1,0,30.16365
D:\IMG\center_2023_09_28_15_16_20_343.jpg,D:\IMG\left_2023_09_28_15_16_20_343.jpg,D:\IMG\right_2023_09_28_15_16_20_343.jpg,0,1,0,30.18813
D:\IMG\center_2023_09_28_15_16_20_411.jpg,D:\IMG\left_2023_09_28_15_16_20_411.jpg,D:\IMG\right_2023_09_28_15_16_20_411.jpg,0,1,0,30.18985
D:\IMG\center_2023_09_28_15_16_20_491.jpg,D:\IMG\left_2023_09_28_15_16_20_491.jpg,D:\IMG\right_2023_09_28_15_16_20_491.jpg,0,1,0,30.1902
D:\IMG\center_2023_09_28_15_16_20_573.jpg,D:\IMG\left_2023_09_28_15_16_20_573.jpg,D:\IMG\right_2023_09_28_15_16_20_573.jpg,0,1,0,30.19028
D:\IMG\center_2023_09_28_15_16_20_655.jpg,D:\IMG\left_2023_09_28_15_16_20_655.jpg,D:\IMG\right_2023_09_28_15_16_20_655.jpg,0,1,0,30.19033
D:\IMG\center_2023_09_28_15_16_20_736.jpg,D:\IMG\left_2023_09_28_15_16_20_736.jpg,D:\IMG\right_2023_09_28_15_16_20_736.jpg,0,1,0,30.19023
D:\IMG\center_2023_09_28_15_16_20_803.jpg,D:\IMG\left_2023_09_28_15_16_20_803.jpg,D:\IMG\right_2023_09_28_15_16_20_803.jpg,0,1,0,30.1903
D:\IMG\center_2023_09_28_15_16_20_884.jpg,D:\IMG\left_2023_09_28_15_16_20_884.jpg,D:\IMG\right_2023_09_28_15_16_20_884.jpg,-0.1,1,0,30.1877
D:\IMG\center_2023_09_28_15_16_20_951.jpg,D:\IMG\left_2023_09_28_15_16_20_951.jpg,D:\IMG\right_2023_09_28_15_16_20_951.jpg,-0.25,1,0,30.17474
D:\IMG\center_2023_09_28_15_16_21_030.jpg,D:\IMG\left_2023_09_28_15_16_21_030.jpg,D:\IMG\right_2023_09_28_15_16_21_030.jpg,0,1,0,30.19015
D:\IMG\center_2023_09_28_15_16_21_110.jpg,D:\IMG\left_2023_09_28_15_16_21_110.jpg,D:\IMG\right_2023_09_28_15_16_21_110.jpg,0,1,0,30.18992
D:\IMG\center_2023_09_28_15_16_21_190.jpg,D:\IMG\left_2023_09_28_15_16_21_190.jpg,D:\IMG\right_2023_09_28_15_16_21_190.jpg,0,1,0,30.19022
D:\IMG\center_2023_09_28_15_16_21_271.jpg,D:\IMG\left_2023_09_28_15_16_21_271.jpg,D:\IMG\right_2023_09_28_15_16_21_271.jpg,0,1,0,30.19026
D:\IMG\center_2023_09_28_15_16_21_350.jpg,D:\IMG\left_2023_09_28_15_16_21_350.jpg,D:\IMG\right_2023_09_28_15_16_21_350.jpg,0,1,0,30.1903
D:\IMG\center_2023_09_28_15_16_21_429.jpg,D:\IMG\left_2023_09_28_15_16_21_429.jpg,D:\IMG\right_2023_09_28_15_16_21_429.jpg,0,1,0,30.19036
D:\IMG\center_2023_09_28_15_16_21_511.jpg,D:\IMG\left_2023_09_28_15_16_21_511.jpg,D:\IMG\right_2023_09_28_15_16_21_511.jpg,0,1,0,30.19033
D:\IMG\center_2023_09_28_15_16_21_592.jpg,D:\IMG\left_2023_09_28_15_16_21_592.jpg,D:\IMG\right_2023_09_28_15_16_21_592.jpg,-0.1,1,0,30.18772
D:\IMG\center_2023_09_28_15_16_21_671.jpg,D:\IMG\left_2023_09_28_15_16_21_671.jpg,D:\IMG\right_2023_09_28_15_16_21_671.jpg,-0.3,1,0,30.16929
D:\IMG\center_2023_09_28_15_16_21_749.jpg,D:\IMG\left_2023_09_28_15_16_21_749.jpg,D:\IMG\right_2023_09_28_15_16_21_749.jpg,0,1,0,30.18915
D:\IMG\center_2023_09_28_15_16_21_827.jpg,D:\IMG\left_2023_09_28_15_16_21_827.jpg,D:\IMG\right_2023_09_28_15_16_21_827.jpg,0,1,0,30.18966
D:\IMG\center_2023_09_28_15_16_21_907.jpg,D:\IMG\left_2023_09_28_15_16_21_907.jpg,D:\IMG\right_2023_09_28_15_16_21_907.jpg,0,1,0,30.19017
D:\IMG\center_2023_09_28_15_16_21_988.jpg,D:\IMG\left_2023_09_28_15_16_21_988.jpg,D:\IMG\right_2023_09_28_15_16_21_988.jpg,0,1,0,30.1903
D:\IMG\center_2023_09_28_15_16_22_064.jpg,D:\IMG\left_2023_09_28_15_16_22_064.jpg,D:\IMG\right_2023_09_28_15_16_22_064.jpg,0,1,0,30.19017
D:\IMG\center_2023_09_28_15_16_22_142.jpg,D:\IMG\left_2023_09_28_15_16_22_142.jpg,D:\IMG\right_2023_09_28_15_16_22_142.jpg,0,1,0,30.1903
D:\IMG\center_2023_09_28_15_16_22_220.jpg,D:\IMG\left_2023_09_28_15_16_22_220.jpg,D:\IMG\right_2023_09_28_15_16_22_220.jpg,0,1,0,30.19031
D:\IMG\center_2023_09_28_15_16_22_298.jpg,D:\IMG\left_2023_09_28_15_16_22_298.jpg,D:\IMG\right_2023_09_28_15_16_22_298.jpg,0,1,0,30.19028
D:\IMG\center_2023_09_28_15_16_22_373.jpg,D:\IMG\left_2023_09_28_15_16_22_373.jpg,D:\IMG\right_2023_09_28_15_16_22_373.jpg,0,1,0,30.1903
D:\IMG\center_2023_09_28_15_16_22_450.jpg,D:\IMG\left_2023_09_28_15_16_22_450.jpg,D:\IMG\right_2023_09_28_15_16_22_450.jpg,0,1,0,30.19032
D:\IMG\center_2023_09_28_15_16_22_526.jpg,D:\IMG\left_2023_09_28_15_16_22_526.jpg,D:\IMG\right_2023_09_28_15_16_22_526.jpg,-0.2,1,0,30.17981
D:\IMG\center_2023_09_28_15_16_22_602.jpg,D:\IMG\left_2023_09_28_15_16_22_602.jpg,D:\IMG\right_2023_09_28_15_16_22_602.jpg,0,1,0,30.18296
D:\IMG\center_2023_09_28_15_16_22_676.jpg,D:\IMG\left_2023_09_28_15_16_22_676.jpg,D:\IMG\right_2023_09_28_15_16_22_676.jpg,0,1,0,30.18959
D:\IMG\center_2023_09_28_15_16_22_752.jpg,D:\IMG\left_2023_09_28_15_16_22_752.jpg,D:\IMG\right_2023_09_28_15_16_22_752.jpg,0,1,0,30.19011
D:\IMG\center_2023_09_28_15_16_22_825.jpg,D:\IMG\left_2023_09_28_15_16_22_825.jpg,D:\IMG\right_2023_09_28_15_16_22_825.jpg,0,1,0,30.19027
D:\IMG\center_2023_09_28_15_16_22_900.jpg,D:\IMG\left_2023_09_28_15_16_22_900.jpg,D:\IMG\right_2023_09_28_15_16_22_900.jpg,0,1,0,30.19027
D:\IMG\center_2023_09_28_15_16_22_971.jpg,D:\IMG\left_2023_09_28_15_16_22_971.jpg,D:\IMG\right_2023_09_28_15_16_22_971.jpg,0,1,0,30.19039
D:\IMG\center_2023_09_28_15_16_23_044.jpg,D:\IMG\left_2023_09_28_15_16_23_044.jpg,D:\IMG\right_2023_09_28_15_16_23_044.jpg,0,1,0,30.19031
D:\IMG\center_2023_09_28_15_16_23_118.jpg,D:\IMG\left_2023_09_28_15_16_23_118.jpg,D:\IMG\right_2023_09_28_15_16_23_118.jpg,-0.2,1,0,30.18001
D:\IMG\center_2023_09_28_15_16_23_190.jpg,D:\IMG\left_2023_09_28_15_16_23_190.jpg,D:\IMG\right_2023_09_28_15_16_23_190.jpg,-0.35,1,0,30.16351
D:\IMG\center_2023_09_28_15_16_23_262.jpg,D:\IMG\left_2023_09_28_15_16_23_262.jpg,D:\IMG\right_2023_09_28_15_16_23_262.jpg,0,1,0,30.18751
D:\IMG\center_2023_09_28_15_16_23_335.jpg,D:\IMG\left_2023_09_28_15_16_23_335.jpg,D:\IMG\right_2023_09_28_15_16_23_335.jpg,0,1,0,30.18983
D:\IMG\center_2023_09_28_15_16_23_407.jpg,D:\IMG\left_2023_09_28_15_16_23_407.jpg,D:\IMG\right_2023_09_28_15_16_23_407.jpg,0,1,0,30.19018
D:\IMG\center_2023_09_28_15_16_23_477.jpg,D:\IMG\left_2023_09_28_15_16_23_477.jpg,D:\IMG\right_2023_09_28_15_16_23_477.jpg,-0.1,1,0,30.18859
D:\IMG\center_2023_09_28_15_16_23_549.jpg,D:\IMG\left_2023_09_28_15_16_23_549.jpg,D:\IMG\right_2023_09_28_15_16_23_549.jpg,-0.25,1,0,30.17624
D:\IMG\center_2023_09_28_15_16_23_618.jpg,D:\IMG\left_2023_09_28_15_16_23_618.jpg,D:\IMG\right_2023_09_28_15_16_23_618.jpg,0,1,0,30.18999
D:\IMG\center_2023_09_28_15_16_23_689.jpg,D:\IMG\left_2023_09_28_15_16_23_689.jpg,D:\IMG\right_2023_09_28_15_16_23_689.jpg,0,1,0,30.19022
D:\IMG\center_2023_09_28_15_16_23_760.jpg,D:\IMG\left_2023_09_28_15_16_23_760.jpg,D:\IMG\right_2023_09_28_15_16_23_760.jpg,0,1,0,30.19023
D:\IMG\center_2023_09_28_15_16_23_830.jpg,D:\IMG\left_2023_09_28_15_16_23_830.jpg,D:\IMG\right_2023_09_28_15_16_23_830.jpg,0,1,0,30.19018
D:\IMG\center_2023_09_28_15_16_23_898.jpg,D:\IMG\left_2023_09_28_15_16_23_898.jpg,D:\IMG\right_2023_09_28_15_16_23_898.jpg,-0.15,1,0,30.18459
D:\IMG\center_2023_09_28_15_16_23_967.jpg,D:\IMG\left_2023_09_28_15_16_23_967.jpg,D:\IMG\right_2023_09_28_15_16_23_967.jpg,-0.3,1,0,30.16965
D:\IMG\center_2023_09_28_15_16_24_037.jpg,D:\IMG\left_2023_09_28_15_16_24_037.jpg,D:\IMG\right_2023_09_28_15_16_24_037.jpg,-0.5000001,1,0,30.14561
D:\IMG\center_2023_09_28_15_16_24_106.jpg,D:\IMG\left_2023_09_28_15_16_24_106.jpg,D:\IMG\right_2023_09_28_15_16_24_106.jpg,0,1,0,30.17291
D:\IMG\center_2023_09_28_15_16_24_186.jpg,D:\IMG\left_2023_09_28_15_16_24_186.jpg,D:\IMG\right_2023_09_28_15_16_24_186.jpg,0,1,0,30.18701
D:\IMG\center_2023_09_28_15_16_24_253.jpg,D:\IMG\left_2023_09_28_15_16_24_253.jpg,D:\IMG\right_2023_09_28_15_16_24_253.jpg,-0.1,1,0,30.19069
D:\IMG\center_2023_09_28_15_16_24_332.jpg,D:\IMG\left_2023_09_28_15_16_24_332.jpg,D:\IMG\right_2023_09_28_15_16_24_332.jpg,0,1,0,30.18944
D:\IMG\center_2023_09_28_15_16_24_413.jpg,D:\IMG\left_2023_09_28_15_16_24_413.jpg,D:\IMG\right_2023_09_28_15_16_24_413.jpg,0,1,0,30.19023
D:\IMG\center_2023_09_28_15_16_24_484.jpg,D:\IMG\left_2023_09_28_15_16_24_484.jpg,D:\IMG\right_2023_09_28_15_16_24_484.jpg,0,1,0,30.19031
D:\IMG\center_2023_09_28_15_16_24_553.jpg,D:\IMG\left_2023_09_28_15_16_24_553.jpg,D:\IMG\right_2023_09_28_15_16_24_553.jpg,0,1,0,30.18962
D:\IMG\center_2023_09_28_15_16_24_630.jpg,D:\IMG\left_2023_09_28_15_16_24_630.jpg,D:\IMG\right_2023_09_28_15_16_24_630.jpg,0,1,0,30.19036
D:\IMG\center_2023_09_28_15_16_24_708.jpg,D:\IMG\left_2023_09_28_15_16_24_708.jpg,D:\IMG\right_2023_09_28_15_16_24_708.jpg,0,1,0,30.19032
D:\IMG\center_2023_09_28_15_16_24_776.jpg,D:\IMG\left_2023_09_28_15_16_24_776.jpg,D:\IMG\right_2023_09_28_15_16_24_776.jpg,0,1,0,30.18901
D:\IMG\center_2023_09_28_15_16_24_847.jpg,D:\IMG\left_2023_09_28_15_16_24_847.jpg,D:\IMG\right_2023_09_28_15_16_24_847.jpg,0,1,0,30.19048
D:\IMG\center_2023_09_28_15_16_24_924.jpg,D:\IMG\left_2023_09_28_15_16_24_924.jpg,D:\IMG\right_2023_09_28_15_16_24_924.jpg,-0.2,1,0,30.17977
D:\IMG\center_2023_09_28_15_16_24_990.jpg,D:\IMG\left_2023_09_28_15_16_24_990.jpg,D:\IMG\right_2023_09_28_15_16_24_990.jpg,-0.35,1,0,30.16333
D:\IMG\center_2023_09_28_15_16_25_059.jpg,D:\IMG\left_2023_09_28_15_16_25_059.jpg,D:\IMG\right_2023_09_28_15_16_25_059.jpg,-0.5500001,1,0,30.13915
D:\IMG\center_2023_09_28_15_16_25_129.jpg,D:\IMG\left_2023_09_28_15_16_25_129.jpg,D:\IMG\right_2023_09_28_15_16_25_129.jpg,-0.7,1,0,30.12012
D:\IMG\center_2023_09_28_15_16_25_206.jpg,D:\IMG\left_2023_09_28_15_16_25_206.jpg,D:\IMG\right_2023_09_28_15_16_25_206.jpg,0,1,0,30.18227
D:\IMG\center_2023_09_28_15_16_25_276.jpg,D:\IMG\left_2023_09_28_15_16_25_276.jpg,D:\IMG\right_2023_09_28_15_16_25_276.jpg,0,0.8333378,0,30.15128
D:\IMG\center_2023_09_28_15_16_25_353.jpg,D:\IMG\left_2023_09_28_15_16_25_353.jpg,D:\IMG\right_2023_09_28_15_16_25_353.jpg,0,0.6401681,0,30.11433
D:\IMG\center_2023_09_28_15_16_25_422.jpg,D:\IMG\left_2023_09_28_15_16_25_422.jpg,D:\IMG\right_2023_09_28_15_16_25_422.jpg,0,0.3968126,0,30.04936
D:\IMG\center_2023_09_28_15_16_25_497.jpg,D:\IMG\left_2023_09_28_15_16_25_497.jpg,D:\IMG\right_2023_09_28_15_16_25_497.jpg,0,0.1706672,0,29.98706
D:\IMG\center_2023_09_28_15_16_25_569.jpg,D:\IMG\left_2023_09_28_15_16_25_569.jpg,D:\IMG\right_2023_09_28_15_16_25_569.jpg,0,0,0,29.86621
D:\IMG\center_2023_09_28_15_16_25_639.jpg,D:\IMG\left_2023_09_28_15_16_25_639.jpg,D:\IMG\right_2023_09_28_15_16_25_639.jpg,0,0,0,29.62329
D:\IMG\center_2023_09_28_15_16_25_708.jpg,D:\IMG\left_2023_09_28_15_16_25_708.jpg,D:\IMG\right_2023_09_28_15_16_25_708.jpg,0,0,0,29.4437
D:\IMG\center_2023_09_28_15_16_25_778.jpg,D:\IMG\left_2023_09_28_15_16_25_778.jpg,D:\IMG\right_2023_09_28_15_16_25_778.jpg,0,0,0,29.20599
D:\IMG\center_2023_09_28_15_16_25_856.jpg,D:\IMG\left_2023_09_28_15_16_25_856.jpg,D:\IMG\right_2023_09_28_15_16_25_856.jpg,0,0,0,28.97017
D:\IMG\center_2023_09_28_15_16_25_923.jpg,D:\IMG\left_2023_09_28_15_16_25_923.jpg,D:\IMG\right_2023_09_28_15_16_25_923.jpg,0,0,0,28.79454
D:\IMG\center_2023_09_28_15_16_25_995.jpg,D:\IMG\left_2023_09_28_15_16_25_995.jpg,D:\IMG\right_2023_09_28_15_16_25_995.jpg,0,0,0,28.56238
D:\IMG\center_2023_09_28_15_16_26_070.jpg,D:\IMG\left_2023_09_28_15_16_26_070.jpg,D:\IMG\right_2023_09_28_15_16_26_070.jpg,0,0,0,28.39014
D:\IMG\center_2023_09_28_15_16_26_141.jpg,D:\IMG\left_2023_09_28_15_16_26_141.jpg,D:\IMG\right_2023_09_28_15_16_26_141.jpg,0,0,0,28.16205
D:\IMG\center_2023_09_28_15_16_26_208.jpg,D:\IMG\left_2023_09_28_15_16_26_208.jpg,D:\IMG\right_2023_09_28_15_16_26_208.jpg,0,0,0,27.99212
D:\IMG\center_2023_09_28_15_16_26_285.jpg,D:\IMG\left_2023_09_28_15_16_26_285.jpg,D:\IMG\right_2023_09_28_15_16_26_285.jpg,0,0,0,27.76809
D:\IMG\center_2023_09_28_15_16_26_352.jpg,D:\IMG\left_2023_09_28_15_16_26_352.jpg,D:\IMG\right_2023_09_28_15_16_26_352.jpg,0,0,0,27.60124
D:\IMG\center_2023_09_28_15_16_26_425.jpg,D:\IMG\left_2023_09_28_15_16_26_425.jpg,D:\IMG\right_2023_09_28_15_16_26_425.jpg,0,0,0,27.38036
D:\IMG\center_2023_09_28_15_16_26_495.jpg,D:\IMG\left_2023_09_28_15_16_26_495.jpg,D:\IMG\right_2023_09_28_15_16_26_495.jpg,0,0,0,27.16127
D:\IMG\center_2023_09_28_15_16_26_563.jpg,D:\IMG\left_2023_09_28_15_16_26_563.jpg,D:\IMG\right_2023_09_28_15_16_26_563.jpg,-0.1,0,0,26.99474
D:\IMG\center_2023_09_28_15_16_26_639.jpg,D:\IMG\left_2023_09_28_15_16_26_639.jpg,D:\IMG\right_2023_09_28_15_16_26_639.jpg,-0.3,0,0,26.72836
D:\IMG\center_2023_09_28_15_16_26_714.jpg,D:\IMG\left_2023_09_28_15_16_26_714.jpg,D:\IMG\right_2023_09_28_15_16_26_714.jpg,-0.5000001,0.117498,0,26.41298
D:\IMG\center_2023_09_28_15_16_26_793.jpg,D:\IMG\left_2023_09_28_15_16_26_793.jpg,D:\IMG\right_2023_09_28_15_16_26_793.jpg,-0.7,0.3578772,0,26.22089
D:\IMG\center_2023_09_28_15_16_26_862.jpg,D:\IMG\left_2023_09_28_15_16_26_862.jpg,D:\IMG\right_2023_09_28_15_16_26_862.jpg,-0.8500001,0.4947037,0,26.17288
D:\IMG\center_2023_09_28_15_16_26_942.jpg,D:\IMG\left_2023_09_28_15_16_26_942.jpg,D:\IMG\right_2023_09_28_15_16_26_942.jpg,0,0.2582464,0,26.16953
D:\IMG\center_2023_09_28_15_16_27_010.jpg,D:\IMG\left_2023_09_28_15_16_27_010.jpg,D:\IMG\right_2023_09_28_15_16_27_010.jpg,0,0.08611295,0,26.11863
D:\IMG\center_2023_09_28_15_16_27_078.jpg,D:\IMG\left_2023_09_28_15_16_27_078.jpg,D:\IMG\right_2023_09_28_15_16_27_078.jpg,0,0,0,25.91089
D:\IMG\center_2023_09_28_15_16_27_145.jpg,D:\IMG\left_2023_09_28_15_16_27_145.jpg,D:\IMG\right_2023_09_28_15_16_27_145.jpg,0,0,0,25.75228
D:\IMG\center_2023_09_28_15_16_27_226.jpg,D:\IMG\left_2023_09_28_15_16_27_226.jpg,D:\IMG\right_2023_09_28_15_16_27_226.jpg,0,0,0,25.54374
D:\IMG\center_2023_09_28_15_16_27_293.jpg,D:\IMG\left_2023_09_28_15_16_27_293.jpg,D:\IMG\right_2023_09_28_15_16_27_293.jpg,0,0,0,25.38876
D:\IMG\center_2023_09_28_15_16_27_366.jpg,D:\IMG\left_2023_09_28_15_16_27_366.jpg,D:\IMG\right_2023_09_28_15_16_27_366.jpg,0,0,0,25.18361
D:\IMG\center_2023_09_28_15_16_27_435.jpg,D:\IMG\left_2023_09_28_15_16_27_435.jpg,D:\IMG\right_2023_09_28_15_16_27_435.jpg,0,0,0,24.98007
D:\IMG\center_2023_09_28_15_16_27_502.jpg,D:\IMG\left_2023_09_28_15_16_27_502.jpg,D:\IMG\right_2023_09_28_15_16_27_502.jpg,0,0,0,24.82916
D:\IMG\center_2023_09_28_15_16_27_579.jpg,D:\IMG\left_2023_09_28_15_16_27_579.jpg,D:\IMG\right_2023_09_28_15_16_27_579.jpg,0,0,0,24.62962
D:\IMG\center_2023_09_28_15_16_27_655.jpg,D:\IMG\left_2023_09_28_15_16_27_655.jpg,D:\IMG\right_2023_09_28_15_16_27_655.jpg,0,0,0,24.43158
D:\IMG\center_2023_09_28_15_16_27_731.jpg,D:\IMG\left_2023_09_28_15_16_27_731.jpg,D:\IMG\right_2023_09_28_15_16_27_731.jpg,0,0,0,24.2841
D:\IMG\center_2023_09_28_15_16_27_808.jpg,D:\IMG\left_2023_09_28_15_16_27_808.jpg,D:\IMG\right_2023_09_28_15_16_27_808.jpg,0,0,0,24.08971
D:\IMG\center_2023_09_28_15_16_27_883.jpg,D:\IMG\left_2023_09_28_15_16_27_883.jpg,D:\IMG\right_2023_09_28_15_16_27_883.jpg,0,0,0,23.89687
D:\IMG\center_2023_09_28_15_16_27_960.jpg,D:\IMG\left_2023_09_28_15_16_27_960.jpg,D:\IMG\right_2023_09_28_15_16_27_960.jpg,0,0,0,23.70559
D:\IMG\center_2023_09_28_15_16_28_029.jpg,D:\IMG\left_2023_09_28_15_16_28_029.jpg,D:\IMG\right_2023_09_28_15_16_28_029.jpg,0,0,0,23.56315
D:\IMG\center_2023_09_28_15_16_28_104.jpg,D:\IMG\left_2023_09_28_15_16_28_104.jpg,D:\IMG\right_2023_09_28_15_16_28_104.jpg,0,0,0,23.37457
D:\IMG\center_2023_09_28_15_16_28_174.jpg,D:\IMG\left_2023_09_28_15_16_28_174.jpg,D:\IMG\right_2023_09_28_15_16_28_174.jpg,-0.2,0,0,23.16897
D:\IMG\center_2023_09_28_15_16_28_241.jpg,D:\IMG\left_2023_09_28_15_16_28_241.jpg,D:\IMG\right_2023_09_28_15_16_28_241.jpg,-0.35,0,0,22.9753
D:\IMG\center_2023_09_28_15_16_28_309.jpg,D:\IMG\left_2023_09_28_15_16_28_309.jpg,D:\IMG\right_2023_09_28_15_16_28_309.jpg,-0.5000001,0,0,22.74323
D:\IMG\center_2023_09_28_15_16_28_388.jpg,D:\IMG\left_2023_09_28_15_16_28_388.jpg,D:\IMG\right_2023_09_28_15_16_28_388.jpg,0,0.1223115,0,22.44532
D:\IMG\center_2023_09_28_15_16_28_457.jpg,D:\IMG\left_2023_09_28_15_16_28_457.jpg,D:\IMG\right_2023_09_28_15_16_28_457.jpg,0,0.09967439,0,22.40454
D:\IMG\center_2023_09_28_15_16_28_534.jpg,D:\IMG\left_2023_09_28_15_16_28_534.jpg,D:\IMG\right_2023_09_28_15_16_28_534.jpg,0,0,0,22.23512
D:\IMG\center_2023_09_28_15_16_28_601.jpg,D:\IMG\left_2023_09_28_15_16_28_601.jpg,D:\IMG\right_2023_09_28_15_16_28_601.jpg,0,0,0,22.08126
D:\IMG\center_2023_09_28_15_16_28_675.jpg,D:\IMG\left_2023_09_28_15_16_28_675.jpg,D:\IMG\right_2023_09_28_15_16_28_675.jpg,0,0,0,21.9038
D:\IMG\center_2023_09_28_15_16_28_746.jpg,D:\IMG\left_2023_09_28_15_16_28_746.jpg,D:\IMG\right_2023_09_28_15_16_28_746.jpg,0,0,0,21.79254
D:\IMG\center_2023_09_28_15_16_28_818.jpg,D:\IMG\left_2023_09_28_15_16_28_818.jpg,D:\IMG\right_2023_09_28_15_16_28_818.jpg,0,0,0,21.6199
D:\IMG\center_2023_09_28_15_16_28_895.jpg,D:\IMG\left_2023_09_28_15_16_28_895.jpg,D:\IMG\right_2023_09_28_15_16_28_895.jpg,0,0,0,21.45084
D:\IMG\center_2023_09_28_15_16_28_963.jpg,D:\IMG\left_2023_09_28_15_16_28_963.jpg,D:\IMG\right_2023_09_28_15_16_28_963.jpg,-0.05,0,0,21.28145
D:\IMG\center_2023_09_28_15_16_29_032.jpg,D:\IMG\left_2023_09_28_15_16_29_032.jpg,D:\IMG\right_2023_09_28_15_16_29_032.jpg,-0.2,0,0,21.196
D:\IMG\center_2023_09_28_15_16_29_099.jpg,D:\IMG\left_2023_09_28_15_16_29_099.jpg,D:\IMG\right_2023_09_28_15_16_29_099.jpg,-0.4,0.238131,0,21.08179
D:\IMG\center_2023_09_28_15_16_29_171.jpg,D:\IMG\left_2023_09_28_15_16_29_171.jpg,D:\IMG\right_2023_09_28_15_16_29_171.jpg,-0.5500001,0.4128168,0,20.96153
D:\IMG\center_2023_09_28_15_16_29_246.jpg,D:\IMG\left_2023_09_28_15_16_29_246.jpg,D:\IMG\right_2023_09_28_15_16_29_246.jpg,0,0.2645901,0,21.05458
D:\IMG\center_2023_09_28_15_16_29_317.jpg,D:\IMG\left_2023_09_28_15_16_29_317.jpg,D:\IMG\right_2023_09_28_15_16_29_317.jpg,0,0.01646104,0,20.98589
D:\IMG\center_2023_09_28_15_16_29_391.jpg,D:\IMG\left_2023_09_28_15_16_29_391.jpg,D:\IMG\right_2023_09_28_15_16_29_391.jpg,0,0,0,21.04949
D:\IMG\center_2023_09_28_15_16_29_464.jpg,D:\IMG\left_2023_09_28_15_16_29_464.jpg,D:\IMG\right_2023_09_28_15_16_29_464.jpg,0,0,0,20.90966
D:\IMG\center_2023_09_28_15_16_29_532.jpg,D:\IMG\left_2023_09_28_15_16_29_532.jpg,D:\IMG\right_2023_09_28_15_16_29_532.jpg,0,0,0,20.48704
D:\IMG\center_2023_09_28_15_16_29_606.jpg,D:\IMG\left_2023_09_28_15_16_29_606.jpg,D:\IMG\right_2023_09_28_15_16_29_606.jpg,0,0,0,20.31667
D:\IMG\center_2023_09_28_15_16_29_680.jpg,D:\IMG\left_2023_09_28_15_16_29_680.jpg,D:\IMG\right_2023_09_28_15_16_29_680.jpg,0,0,0,20.14757
D:\IMG\center_2023_09_28_15_16_29_752.jpg,D:\IMG\left_2023_09_28_15_16_29_752.jpg,D:\IMG\right_2023_09_28_15_16_29_752.jpg,-0.1,0.0360603,0,20.34791
D:\IMG\center_2023_09_28_15_16_29_825.jpg,D:\IMG\left_2023_09_28_15_16_29_825.jpg,D:\IMG\right_2023_09_28_15_16_29_825.jpg,-0.3,0.2925897,0,20.26599
D:\IMG\center_2023_09_28_15_16_29_904.jpg,D:\IMG\left_2023_09_28_15_16_29_904.jpg,D:\IMG\right_2023_09_28_15_16_29_904.jpg,-0.5000001,0.5298643,0,20.3589
D:\IMG\center_2023_09_28_15_16_29_979.jpg,D:\IMG\left_2023_09_28_15_16_29_979.jpg,D:\IMG\right_2023_09_28_15_16_29_979.jpg,0,0.3079315,0,20.56998
D:\IMG\center_2023_09_28_15_16_30_050.jpg,D:\IMG\left_2023_09_28_15_16_30_050.jpg,D:\IMG\right_2023_09_28_15_16_30_050.jpg,0,0.1276432,0,20.34545
D:\IMG\center_2023_09_28_15_16_30_123.jpg,D:\IMG\left_2023_09_28_15_16_30_123.jpg,D:\IMG\right_2023_09_28_15_16_30_123.jpg,0,0,0,20.17451
D:\IMG\center_2023_09_28_15_16_30_195.jpg,D:\IMG\left_2023_09_28_15_16_30_195.jpg,D:\IMG\right_2023_09_28_15_16_30_195.jpg,0,0,0,20.00338
D:\IMG\center_2023_09_28_15_16_30_270.jpg,D:\IMG\left_2023_09_28_15_16_30_270.jpg,D:\IMG\right_2023_09_28_15_16_30_270.jpg,0,0,0,20.21416
D:\IMG\center_2023_09_28_15_16_30_345.jpg,D:\IMG\left_2023_09_28_15_16_30_345.jpg,D:\IMG\right_2023_09_28_15_16_30_345.jpg,0,0,0,20.05824
D:\IMG\center_2023_09_28_15_16_30_423.jpg,D:\IMG\left_2023_09_28_15_16_30_423.jpg,D:\IMG\right_2023_09_28_15_16_30_423.jpg,0,0,0,19.90407
D:\IMG\center_2023_09_28_15_16_30_497.jpg,D:\IMG\left_2023_09_28_15_16_30_497.jpg,D:\IMG\right_2023_09_28_15_16_30_497.jpg,0,0,0,19.75244
D:\IMG\center_2023_09_28_15_16_30_568.jpg,D:\IMG\left_2023_09_28_15_16_30_568.jpg,D:\IMG\right_2023_09_28_15_16_30_568.jpg,0,0,0,19.249
D:\IMG\center_2023_09_28_15_16_30_639.jpg,D:\IMG\left_2023_09_28_15_16_30_639.jpg,D:\IMG\right_2023_09_28_15_16_30_639.jpg,0,0,0,19.08045
D:\IMG\center_2023_09_28_15_16_30_709.jpg,D:\IMG\left_2023_09_28_15_16_30_709.jpg,D:\IMG\right_2023_09_28_15_16_30_709.jpg,0,0,0,19.38487
D:\IMG\center_2023_09_28_15_16_30_780.jpg,D:\IMG\left_2023_09_28_15_16_30_780.jpg,D:\IMG\right_2023_09_28_15_16_30_780.jpg,0,0,0,19.24049
D:\IMG\center_2023_09_28_15_16_30_846.jpg,D:\IMG\left_2023_09_28_15_16_30_846.jpg,D:\IMG\right_2023_09_28_15_16_30_846.jpg,0,0,0,18.66241
D:\IMG\center_2023_09_28_15_16_30_918.jpg,D:\IMG\left_2023_09_28_15_16_30_918.jpg,D:\IMG\right_2023_09_28_15_16_30_918.jpg,0,0,0,18.50365
D:\IMG\center_2023_09_28_15_16_30_989.jpg,D:\IMG\left_2023_09_28_15_16_30_989.jpg,D:\IMG\right_2023_09_28_15_16_30_989.jpg,0,0,0,18.87245
D:\IMG\center_2023_09_28_15_16_31_058.jpg,D:\IMG\left_2023_09_28_15_16_31_058.jpg,D:\IMG\right_2023_09_28_15_16_31_058.jpg,0,0,0,18.72552
D:\IMG\center_2023_09_28_15_16_31_131.jpg,D:\IMG\left_2023_09_28_15_16_31_131.jpg,D:\IMG\right_2023_09_28_15_16_31_131.jpg,0,0,0,18.11663
D:\IMG\center_2023_09_28_15_16_31_200.jpg,D:\IMG\left_2023_09_28_15_16_31_200.jpg,D:\IMG\right_2023_09_28_15_16_31_200.jpg,0,0,0,17.96525
D:\IMG\center_2023_09_28_15_16_31_270.jpg,D:\IMG\left_2023_09_28_15_16_31_270.jpg,D:\IMG\right_2023_09_28_15_16_31_270.jpg,0,0,0,18.36003
D:\IMG\center_2023_09_28_15_16_31_343.jpg,D:\IMG\left_2023_09_28_15_16_31_343.jpg,D:\IMG\right_2023_09_28_15_16_31_343.jpg,0,0,0,18.21583
D:\IMG\center_2023_09_28_15_16_31_416.jpg,D:\IMG\left_2023_09_28_15_16_31_416.jpg,D:\IMG\right_2023_09_28_15_16_31_416.jpg,0,0,0,18.07308
D:\IMG\center_2023_09_28_15_16_31_498.jpg,D:\IMG\left_2023_09_28_15_16_31_498.jpg,D:\IMG\right_2023_09_28_15_16_31_498.jpg,-0.2,0,0,17.90749
D:\IMG\center_2023_09_28_15_16_31_570.jpg,D:\IMG\left_2023_09_28_15_16_31_570.jpg,D:\IMG\right_2023_09_28_15_16_31_570.jpg,-0.35,0.1122795,0,17.28004
D:\IMG\center_2023_09_28_15_16_31_646.jpg,D:\IMG\left_2023_09_28_15_16_31_646.jpg,D:\IMG\right_2023_09_28_15_16_31_646.jpg,-0.5500001,0.3744282,0,17.31643
D:\IMG\center_2023_09_28_15_16_31_723.jpg,D:\IMG\left_2023_09_28_15_16_31_723.jpg,D:\IMG\right_2023_09_28_15_16_31_723.jpg,0,0.1421829,0,17.35703
D:\IMG\center_2023_09_28_15_16_31_790.jpg,D:\IMG\left_2023_09_28_15_16_31_790.jpg,D:\IMG\right_2023_09_28_15_16_31_790.jpg,0,0,0,17.7389
D:\IMG\center_2023_09_28_15_16_31_863.jpg,D:\IMG\left_2023_09_28_15_16_31_863.jpg,D:\IMG\right_2023_09_28_15_16_31_863.jpg,0,0,0,17.60855
D:\IMG\center_2023_09_28_15_16_31_937.jpg,D:\IMG\left_2023_09_28_15_16_31_937.jpg,D:\IMG\right_2023_09_28_15_16_31_937.jpg,0,0,0,17.46858
D:\IMG\center_2023_09_28_15_16_32_004.jpg,D:\IMG\left_2023_09_28_15_16_32_004.jpg,D:\IMG\right_2023_09_28_15_16_32_004.jpg,0,0,0,16.828
D:\IMG\center_2023_09_28_15_16_32_081.jpg,D:\IMG\left_2023_09_28_15_16_32_081.jpg,D:\IMG\right_2023_09_28_15_16_32_081.jpg,0,0,0,16.6876
D:\IMG\center_2023_09_28_15_16_32_156.jpg,D:\IMG\left_2023_09_28_15_16_32_156.jpg,D:\IMG\right_2023_09_28_15_16_32_156.jpg,0,0,0,16.54897
D:\IMG\center_2023_09_28_15_16_32_223.jpg,D:\IMG\left_2023_09_28_15_16_32_223.jpg,D:\IMG\right_2023_09_28_15_16_32_223.jpg,0,0,0,16.98944
D:\IMG\center_2023_09_28_15_16_32_298.jpg,D:\IMG\left_2023_09_28_15_16_32_298.jpg,D:\IMG\right_2023_09_28_15_16_32_298.jpg,0,0,0,16.85562
D:\IMG\center_2023_09_28_15_16_32_374.jpg,D:\IMG\left_2023_09_28_15_16_32_374.jpg,D:\IMG\right_2023_09_28_15_16_32_374.jpg,0,0,0,16.72321
D:\IMG\center_2023_09_28_15_16_32_448.jpg,D:\IMG\left_2023_09_28_15_16_32_448.jpg,D:\IMG\right_2023_09_28_15_16_32_448.jpg,0,0,0,16.07624
D:\IMG\center_2023_09_28_15_16_32_527.jpg,D:\IMG\left_2023_09_28_15_16_32_527.jpg,D:\IMG\right_2023_09_28_15_16_32_527.jpg,0,0,0,15.94583
D:\IMG\center_2023_09_28_15_16_32_605.jpg,D:\IMG\left_2023_09_28_15_16_32_605.jpg,D:\IMG\right_2023_09_28_15_16_32_605.jpg,0,0,0,15.81865
D:\IMG\center_2023_09_28_15_16_32_682.jpg,D:\IMG\left_2023_09_28_15_16_32_682.jpg,D:\IMG\right_2023_09_28_15_16_32_682.jpg,0,0,0,15.69707
D:\IMG\center_2023_09_28_15_16_32_759.jpg,D:\IMG\left_2023_09_28_15_16_32_759.jpg,D:\IMG\right_2023_09_28_15_16_32_759.jpg,0,0,0,15.58209
D:\IMG\center_2023_09_28_15_16_32_831.jpg,D:\IMG\left_2023_09_28_15_16_32_831.jpg,D:\IMG\right_2023_09_28_15_16_32_831.jpg,0,0,0,16.03007
D:\IMG\center_2023_09_28_15_16_32_901.jpg,D:\IMG\left_2023_09_28_15_16_32_901.jpg,D:\IMG\right_2023_09_28_15_16_32_901.jpg,0,0,0,15.90574
D:\IMG\center_2023_09_28_15_16_32_977.jpg,D:\IMG\left_2023_09_28_15_16_32_977.jpg,D:\IMG\right_2023_09_28_15_16_32_977.jpg,-0.1,0,0,15.77799
D:\IMG\center_2023_09_28_15_16_33_056.jpg,D:\IMG\left_2023_09_28_15_16_33_056.jpg,D:\IMG\right_2023_09_28_15_16_33_056.jpg,-0.3,0,0,15.61679
D:\IMG\center_2023_09_28_15_16_33_128.jpg,D:\IMG\left_2023_09_28_15_16_33_128.jpg,D:\IMG\right_2023_09_28_15_16_33_128.jpg,-0.45,0,0,14.95104
D:\IMG\center_2023_09_28_15_16_33_205.jpg,D:\IMG\left_2023_09_28_15_16_33_205.jpg,D:\IMG\right_2023_09_28_15_16_33_205.jpg,0,0,0,14.72517
D:\IMG\center_2023_09_28_15_16_33_280.jpg,D:\IMG\left_2023_09_28_15_16_33_280.jpg,D:\IMG\right_2023_09_28_15_16_33_280.jpg,0,0,0,14.57926
D:\IMG\center_2023_09_28_15_16_33_355.jpg,D:\IMG\left_2023_09_28_15_16_33_355.jpg,D:\IMG\right_2023_09_28_15_16_33_355.jpg,0,0,0,14.46835
D:\IMG\center_2023_09_28_15_16_33_430.jpg,D:\IMG\left_2023_09_28_15_16_33_430.jpg,D:\IMG\right_2023_09_28_15_16_33_430.jpg,0,0,0,14.92418
D:\IMG\center_2023_09_28_15_16_33_507.jpg,D:\IMG\left_2023_09_28_15_16_33_507.jpg,D:\IMG\right_2023_09_28_15_16_33_507.jpg,0,0,0,14.80344
D:\IMG\center_2023_09_28_15_16_33_586.jpg,D:\IMG\left_2023_09_28_15_16_33_586.jpg,D:\IMG\right_2023_09_28_15_16_33_586.jpg,-0.15,0,0,14.67711
D:\IMG\center_2023_09_28_15_16_33_655.jpg,D:\IMG\left_2023_09_28_15_16_33_655.jpg,D:\IMG\right_2023_09_28_15_16_33_655.jpg,-0.35,0,0,14.51089
D:\IMG\center_2023_09_28_15_16_33_735.jpg,D:\IMG\left_2023_09_28_15_16_33_735.jpg,D:\IMG\right_2023_09_28_15_16_33_735.jpg,-0.5500001,0,0,14.30052
D:\IMG\center_2023_09_28_15_16_33_806.jpg,D:\IMG\left_2023_09_28_15_16_33_806.jpg,D:\IMG\right_2023_09_28_15_16_33_806.jpg,0,0,0,13.67137
D:\IMG\center_2023_09_28_15_16_33_884.jpg,D:\IMG\left_2023_09_28_15_16_33_884.jpg,D:\IMG\right_2023_09_28_15_16_33_884.jpg,0,0,0,13.47845
D:\IMG\center_2023_09_28_15_16_33_951.jpg,D:\IMG\left_2023_09_28_15_16_33_951.jpg,D:\IMG\right_2023_09_28_15_16_33_951.jpg,0,0,0,13.87755
D:\IMG\center_2023_09_28_15_16_34_029.jpg,D:\IMG\left_2023_09_28_15_16_34_029.jpg,D:\IMG\right_2023_09_28_15_16_34_029.jpg,0,0,0,13.76772
D:\IMG\center_2023_09_28_15_16_34_099.jpg,D:\IMG\left_2023_09_28_15_16_34_099.jpg,D:\IMG\right_2023_09_28_15_16_34_099.jpg,0,0,0,13.67491
D:\IMG\center_2023_09_28_15_16_34_176.jpg,D:\IMG\left_2023_09_28_15_16_34_176.jpg,D:\IMG\right_2023_09_28_15_16_34_176.jpg,-0.05,0,0,13.54855
D:\IMG\center_2023_09_28_15_16_34_243.jpg,D:\IMG\left_2023_09_28_15_16_34_243.jpg,D:\IMG\right_2023_09_28_15_16_34_243.jpg,-0.2,0,0,12.90493
D:\IMG\center_2023_09_28_15_16_34_321.jpg,D:\IMG\left_2023_09_28_15_16_34_321.jpg,D:\IMG\right_2023_09_28_15_16_34_321.jpg,0,0,0,12.77072
D:\IMG\center_2023_09_28_15_16_34_390.jpg,D:\IMG\left_2023_09_28_15_16_34_390.jpg,D:\IMG\right_2023_09_28_15_16_34_390.jpg,0,0,0,13.25937
D:\IMG\center_2023_09_28_15_16_34_463.jpg,D:\IMG\left_2023_09_28_15_16_34_463.jpg,D:\IMG\right_2023_09_28_15_16_34_463.jpg,0,0,0,13.0657
D:\IMG\center_2023_09_28_15_16_34_530.jpg,D:\IMG\left_2023_09_28_15_16_34_530.jpg,D:\IMG\right_2023_09_28_15_16_34_530.jpg,0,0,0,12.62473
D:\IMG\center_2023_09_28_15_16_34_606.jpg,D:\IMG\left_2023_09_28_15_16_34_606.jpg,D:\IMG\right_2023_09_28_15_16_34_606.jpg,0,0,0,12.57014
D:\IMG\center_2023_09_28_15_16_34_681.jpg,D:\IMG\left_2023_09_28_15_16_34_681.jpg,D:\IMG\right_2023_09_28_15_16_34_681.jpg,0,0,0,12.39976
D:\IMG\center_2023_09_28_15_16_34_757.jpg,D:\IMG\left_2023_09_28_15_16_34_757.jpg,D:\IMG\right_2023_09_28_15_16_34_757.jpg,0,0,0,12.29753
D:\IMG\center_2023_09_28_15_16_34_825.jpg,D:\IMG\left_2023_09_28_15_16_34_825.jpg,D:\IMG\right_2023_09_28_15_16_34_825.jpg,-0.05,0,0,12.47189
D:\IMG\center_2023_09_28_15_16_34_895.jpg,D:\IMG\left_2023_09_28_15_16_34_895.jpg,D:\IMG\right_2023_09_28_15_16_34_895.jpg,-0.25,0,0,12.35136
D:\IMG\center_2023_09_28_15_16_34_962.jpg,D:\IMG\left_2023_09_28_15_16_34_962.jpg,D:\IMG\right_2023_09_28_15_16_34_962.jpg,-0.4,0,0,11.99798
D:\IMG\center_2023_09_28_15_16_35_029.jpg,D:\IMG\left_2023_09_28_15_16_35_029.jpg,D:\IMG\right_2023_09_28_15_16_35_029.jpg,0,0,0,12.16978
D:\IMG\center_2023_09_28_15_16_35_102.jpg,D:\IMG\left_2023_09_28_15_16_35_102.jpg,D:\IMG\right_2023_09_28_15_16_35_102.jpg,0,0,0,12.05194
D:\IMG\center_2023_09_28_15_16_35_168.jpg,D:\IMG\left_2023_09_28_15_16_35_168.jpg,D:\IMG\right_2023_09_28_15_16_35_168.jpg,0,0,0,11.75271
D:\IMG\center_2023_09_28_15_16_35_238.jpg,D:\IMG\left_2023_09_28_15_16_35_238.jpg,D:\IMG\right_2023_09_28_15_16_35_238.jpg,0,0,0,11.65461
D:\IMG\center_2023_09_28_15_16_35_308.jpg,D:\IMG\left_2023_09_28_15_16_35_308.jpg,D:\IMG\right_2023_09_28_15_16_35_308.jpg,0,0,0,11.80677
D:\IMG\center_2023_09_28_15_16_35_382.jpg,D:\IMG\left_2023_09_28_15_16_35_382.jpg,D:\IMG\right_2023_09_28_15_16_35_382.jpg,0,0,0,11.70733
D:\IMG\center_2023_09_28_15_16_35_457.jpg,D:\IMG\left_2023_09_28_15_16_35_457.jpg,D:\IMG\right_2023_09_28_15_16_35_457.jpg,0,0,0,11.62191
D:\IMG\center_2023_09_28_15_16_35_536.jpg,D:\IMG\left_2023_09_28_15_16_35_536.jpg,D:\IMG\right_2023_09_28_15_16_35_536.jpg,0,0,0,11.5239
D:\IMG\center_2023_09_28_15_16_35_612.jpg,D:\IMG\left_2023_09_28_15_16_35_612.jpg,D:\IMG\right_2023_09_28_15_16_35_612.jpg,0,0,0,11.22996
D:\IMG\center_2023_09_28_15_16_35_687.jpg,D:\IMG\left_2023_09_28_15_16_35_687.jpg,D:\IMG\right_2023_09_28_15_16_35_687.jpg,0,0,0,11.34639
D:\IMG\center_2023_09_28_15_16_35_753.jpg,D:\IMG\left_2023_09_28_15_16_35_753.jpg,D:\IMG\right_2023_09_28_15_16_35_753.jpg,0,0,0,11.0797
D:\IMG\center_2023_09_28_15_16_35_828.jpg,D:\IMG\left_2023_09_28_15_16_35_828.jpg,D:\IMG\right_2023_09_28_15_16_35_828.jpg,0,0,0,11.16465
D:\IMG\center_2023_09_28_15_16_35_902.jpg,D:\IMG\left_2023_09_28_15_16_35_902.jpg,D:\IMG\right_2023_09_28_15_16_35_902.jpg,0,0,0,11.0752
D:\IMG\center_2023_09_28_15_16_35_977.jpg,D:\IMG\left_2023_09_28_15_16_35_977.jpg,D:\IMG\right_2023_09_28_15_16_35_977.jpg,0,0,0,10.98618
D:\IMG\center_2023_09_28_15_16_36_050.jpg,D:\IMG\left_2023_09_28_15_16_36_050.jpg,D:\IMG\right_2023_09_28_15_16_36_050.jpg,0,0,0,10.91989
D:\IMG\center_2023_09_28_15_16_36_130.jpg,D:\IMG\left_2023_09_28_15_16_36_130.jpg,D:\IMG\right_2023_09_28_15_16_36_130.jpg,0,0,0,10.83211
D:\IMG\center_2023_09_28_15_16_36_298.jpg,D:\IMG\left_2023_09_28_15_16_36_298.jpg,D:\IMG\right_2023_09_28_15_16_36_298.jpg,0,0,0,10.72338
