D:\Self-Driving-Car Data\IMG\center_2023_09_28_15_24_19_502.jpg,D:\Self-Driving-Car Data\IMG\left_2023_09_28_15_24_19_502.jpg,D:\Self-Driving-Car Data\IMG\right_2023_09_28_15_24_19_502.jpg,0,0,0,10.11282
D:\Self-Driving-Car Data\IMG\center_2023_09_28_15_24_19_575.jpg,D:\Self-Driving-Car Data\IMG\left_2023_09_28_15_24_19_575.jpg,D:\Self-Driving-Car Data\IMG\right_2023_09_28_15_24_19_575.jpg,0,0,0,10.03297
D:\Self-Driving-Car Data\IMG\center_2023_09_28_15_24_19_643.jpg,D:\Self-Driving-Car Data\IMG\left_2023_09_28_15_24_19_643.jpg,D:\Self-Driving-Car Data\IMG\right_2023_09_28_15_24_19_643.jpg,0,0,0,9.953768
D:\Self-Driving-Car Data\IMG\center_2023_09_28_15_24_19_711.jpg,D:\Self-Driving-Car Data\IMG\left_2023_09_28_15_24_19_711.jpg,D:\Self-Driving-Car Data\IMG\right_2023_09_28_15_24_19_711.jpg,0,0,0,9.89478
D:\Self-Driving-Car Data\IMG\center_2023_09_28_15_24_19_780.jpg,D:\Self-Driving-Car Data\IMG\left_2023_09_28_15_24_19_780.jpg,D:\Self-Driving-Car Data\IMG\right_2023_09_28_15_24_19_780.jpg,0,0,0,9.836151
D:\Self-Driving-Car Data\IMG\center_2023_09_28_15_24_19_854.jpg,D:\Self-Driving-Car Data\IMG\left_2023_09_28_15_24_19_854.jpg,D:\Self-Driving-Car Data\IMG\right_2023_09_28_15_24_19_854.jpg,0,0,0,9.758527
D:\Self-Driving-Car Data\IMG\center_2023_09_28_15_24_19_936.jpg,D:\Self-Driving-Car Data\IMG\left_2023_09_28_15_24_19_936.jpg,D:\Self-Driving-Car Data\IMG\right_2023_09_28_15_24_19_936.jpg,0,0,0,9.681525
D:\Self-Driving-Car Data\IMG\center_2023_09_28_15_24_20_012.jpg,D:\Self-Driving-Car Data\IMG\left_2023_09_28_15_24_20_012.jpg,D:\Self-Driving-Car Data\IMG\right_2023_09_28_15_24_20_012.jpg,0,0,0,9.605145
D:\Self-Driving-Car Data\IMG\center_2023_09_28_15_24_20_084.jpg,D:\Self-Driving-Car Data\IMG\left_2023_09_28_15_24_20_084.jpg,D:\Self-Driving-Car Data\IMG\right_2023_09_28_15_24_20_084.jpg,0,0,0,9.529375
D:\Self-Driving-Car Data\IMG\center_2023_09_28_15_24_20_154.jpg,D:\Self-Driving-Car Data\IMG\left_2023_09_28_15_24_20_154.jpg,D:\Self-Driving-Car Data\IMG\right_2023_09_28_15_24_20_154.jpg,0,0.1074705,0,9.503768
D:\Self-Driving-Car Data\IMG\center_2023_09_28_15_24_20_227.jpg,D:\Self-Driving-Car Data\IMG\left_2023_09_28_15_24_20_227.jpg,D:\Self-Driving-Car Data\IMG\right_2023_09_28_15_24_20_227.jpg,0,0.3252291,0,9.648026
D:\Self-Driving-Car Data\IMG\center_2023_09_28_15_24_20_300.jpg,D:\Self-Driving-Car Data\IMG\left_2023_09_28_15_24_20_300.jpg,D:\Self-Driving-Car Data\IMG\right_2023_09_28_15_24_20_300.jpg,0,0.4886715,0,9.894157
D:\Self-Driving-Car Data\IMG\center_2023_09_28_15_24_20_374.jpg,D:\Self-Driving-Car Data\IMG\left_2023_09_28_15_24_20_374.jpg,D:\Self-Driving-Car Data\IMG\right_2023_09_28_15_24_20_374.jpg,0,0.7639011,0,10.45506
D:\Self-Driving-Car Data\IMG\center_2023_09_28_15_24_20_443.jpg,D:\Self-Driving-Car Data\IMG\left_2023_09_28_15_24_20_443.jpg,D:\Self-Driving-Car Data\IMG\right_2023_09_28_15_24_20_443.jpg,0,0.9725027,0,11.21978
D:\Self-Driving-Car Data\IMG\center_2023_09_28_15_24_20_512.jpg,D:\Self-Driving-Car Data\IMG\left_2023_09_28_15_24_20_512.jpg,D:\Self-Driving-Car Data\IMG\right_2023_09_28_15_24_20_512.jpg,0,1,0,12.01161
D:\Self-Driving-Car Data\IMG\center_2023_09_28_15_24_20_585.jpg,D:\Self-Driving-Car Data\IMG\left_2023_09_28_15_24_20_585.jpg,D:\Self-Driving-Car Data\IMG\right_2023_09_28_15_24_20_585.jpg,0,1,0,12.65429
D:\Self-Driving-Car Data\IMG\center_2023_09_28_15_24_20_663.jpg,D:\Self-Driving-Car Data\IMG\left_2023_09_28_15_24_20_663.jpg,D:\Self-Driving-Car Data\IMG\right_2023_09_28_15_24_20_663.jpg,0,1,0,13.62892
D:\Self-Driving-Car Data\IMG\center_2023_09_28_15_24_20_739.jpg,D:\Self-Driving-Car Data\IMG\left_2023_09_28_15_24_20_739.jpg,D:\Self-Driving-Car Data\IMG\right_2023_09_28_15_24_20_739.jpg,0,1,0,14.1785
D:\Self-Driving-Car Data\IMG\center_2023_09_28_15_24_20_810.jpg,D:\Self-Driving-Car Data\IMG\left_2023_09_28_15_24_20_810.jpg,D:\Self-Driving-Car Data\IMG\right_2023_09_28_15_24_20_810.jpg,0,1,0,15.05421
D:\Self-Driving-Car Data\IMG\center_2023_09_28_15_24_20_890.jpg,D:\Self-Driving-Car Data\IMG\left_2023_09_28_15_24_20_890.jpg,D:\Self-Driving-Car Data\IMG\right_2023_09_28_15_24_20_890.jpg,0,1,0,15.92284
D:\Self-Driving-Car Data\IMG\center_2023_09_28_15_24_20_972.jpg,D:\Self-Driving-Car Data\IMG\left_2023_09_28_15_24_20_972.jpg,D:\Self-Driving-Car Data\IMG\right_2023_09_28_15_24_20_972.jpg,0,1,0,16.77726
D:\Self-Driving-Car Data\IMG\center_2023_09_28_15_24_21_042.jpg,D:\Self-Driving-Car Data\IMG\left_2023_09_28_15_24_21_042.jpg,D:\Self-Driving-Car Data\IMG\right_2023_09_28_15_24_21_042.jpg,0,1,0,17.62461
D:\Self-Driving-Car Data\IMG\center_2023_09_28_15_24_21_119.jpg,D:\Self-Driving-Car Data\IMG\left_2023_09_28_15_24_21_119.jpg,D:\Self-Driving-Car Data\IMG\right_2023_09_28_15_24_21_119.jpg,0,1,0,18.27199
D:\Self-Driving-Car Data\IMG\center_2023_09_28_15_24_21_198.jpg,D:\Self-Driving-Car Data\IMG\left_2023_09_28_15_24_21_198.jpg,D:\Self-Driving-Car Data\IMG\right_2023_09_28_15_24_21_198.jpg,0,1,0,19.09341
D:\Self-Driving-Car Data\IMG\center_2023_09_28_15_24_21_274.jpg,D:\Self-Driving-Car Data\IMG\left_2023_09_28_15_24_21_274.jpg,D:\Self-Driving-Car Data\IMG\right_2023_09_28_15_24_21_274.jpg,0,1,0,19.908
D:\Self-Driving-Car Data\IMG\center_2023_09_28_15_24_21_351.jpg,D:\Self-Driving-Car Data\IMG\left_2023_09_28_15_24_21_351.jpg,D:\Self-Driving-Car Data\IMG\right_2023_09_28_15_24_21_351.jpg,0,1,0,20.71651
D:\Self-Driving-Car Data\IMG\center_2023_09_28_15_24_21_431.jpg,D:\Self-Driving-Car Data\IMG\left_2023_09_28_15_24_21_431.jpg,D:\Self-Driving-Car Data\IMG\right_2023_09_28_15_24_21_431.jpg,0,1,0,21.51888
D:\Self-Driving-Car Data\IMG\center_2023_09_28_15_24_21_500.jpg,D:\Self-Driving-Car Data\IMG\left_2023_09_28_15_24_21_500.jpg,D:\Self-Driving-Car Data\IMG\right_2023_09_28_15_24_21_500.jpg,0,1,0,22.11316
D:\Self-Driving-Car Data\IMG\center_2023_09_28_15_24_21_567.jpg,D:\Self-Driving-Car Data\IMG\left_2023_09_28_15_24_21_567.jpg,D:\Self-Driving-Car Data\IMG\right_2023_09_28_15_24_21_567.jpg,0,1,0,22.90438
D:\Self-Driving-Car Data\IMG\center_2023_09_28_15_24_21_643.jpg,D:\Self-Driving-Car Data\IMG\left_2023_09_28_15_24_21_643.jpg,D:\Self-Driving-Car Data\IMG\right_2023_09_28_15_24_21_643.jpg,0,1,0,23.68738
D:\Self-Driving-Car Data\IMG\center_2023_09_28_15_24_21_716.jpg,D:\Self-Driving-Car Data\IMG\left_2023_09_28_15_24_21_716.jpg,D:\Self-Driving-Car Data\IMG\right_2023_09_28_15_24_21_716.jpg,0,1,0,24.27079
D:\Self-Driving-Car Data\IMG\center_2023_09_28_15_24_21_790.jpg,D:\Self-Driving-Car Data\IMG\left_2023_09_28_15_24_21_790.jpg,D:\Self-Driving-Car Data\IMG\right_2023_09_28_15_24_21_790.jpg,0,1,0,25.04292
D:\Self-Driving-Car Data\IMG\center_2023_09_28_15_24_21_869.jpg,D:\Self-Driving-Car Data\IMG\left_2023_09_28_15_24_21_869.jpg,D:\Self-Driving-Car Data\IMG\right_2023_09_28_15_24_21_869.jpg,0,1,0,25.80883
D:\Self-Driving-Car Data\IMG\center_2023_09_28_15_24_21_951.jpg,D:\Self-Driving-Car Data\IMG\left_2023_09_28_15_24_21_951.jpg,D:\Self-Driving-Car Data\IMG\right_2023_09_28_15_24_21_951.jpg,0,0.9390613,0,26.56859
D:\Self-Driving-Car Data\IMG\center_2023_09_28_15_24_22_028.jpg,D:\Self-Driving-Car Data\IMG\left_2023_09_28_15_24_22_028.jpg,D:\Self-Driving-Car Data\IMG\right_2023_09_28_15_24_22_028.jpg,0,0.708214,0,27.15481
D:\Self-Driving-Car Data\IMG\center_2023_09_28_15_24_22_110.jpg,D:\Self-Driving-Car Data\IMG\left_2023_09_28_15_24_22_110.jpg,D:\Self-Driving-Car Data\IMG\right_2023_09_28_15_24_22_110.jpg,0,0.4599871,0,27.50628
D:\Self-Driving-Car Data\IMG\center_2023_09_28_15_24_22_180.jpg,D:\Self-Driving-Car Data\IMG\left_2023_09_28_15_24_22_180.jpg,D:\Self-Driving-Car Data\IMG\right_2023_09_28_15_24_22_180.jpg,0,0.3025326,0,27.62315
D:\Self-Driving-Car Data\IMG\center_2023_09_28_15_24_22_249.jpg,D:\Self-Driving-Car Data\IMG\left_2023_09_28_15_24_22_249.jpg,D:\Self-Driving-Car Data\IMG\right_2023_09_28_15_24_22_249.jpg,0,0.04390385,0,27.56378
D:\Self-Driving-Car Data\IMG\center_2023_09_28_15_24_22_337.jpg,D:\Self-Driving-Car Data\IMG\left_2023_09_28_15_24_22_337.jpg,D:\Self-Driving-Car Data\IMG\right_2023_09_28_15_24_22_337.jpg,0,0,0,27.34735
D:\Self-Driving-Car Data\IMG\center_2023_09_28_15_24_22_421.jpg,D:\Self-Driving-Car Data\IMG\left_2023_09_28_15_24_22_421.jpg,D:\Self-Driving-Car Data\IMG\right_2023_09_28_15_24_22_421.jpg,0,0,0,27.12771
D:\Self-Driving-Car Data\IMG\center_2023_09_28_15_24_22_493.jpg,D:\Self-Driving-Car Data\IMG\left_2023_09_28_15_24_22_493.jpg,D:\Self-Driving-Car Data\IMG\right_2023_09_28_15_24_22_493.jpg,0,0,0,26.9096
D:\Self-Driving-Car Data\IMG\center_2023_09_28_15_24_22_566.jpg,D:\Self-Driving-Car Data\IMG\left_2023_09_28_15_24_22_566.jpg,D:\Self-Driving-Car Data\IMG\right_2023_09_28_15_24_22_566.jpg,0,0.2176326,0,26.78753
D:\Self-Driving-Car Data\IMG\center_2023_09_28_15_24_22_642.jpg,D:\Self-Driving-Car Data\IMG\left_2023_09_28_15_24_22_642.jpg,D:\Self-Driving-Car Data\IMG\right_2023_09_28_15_24_22_642.jpg,0,0.3276171,0,26.88384
D:\Self-Driving-Car Data\IMG\center_2023_09_28_15_24_22_716.jpg,D:\Self-Driving-Car Data\IMG\left_2023_09_28_15_24_22_716.jpg,D:\Self-Driving-Car Data\IMG\right_2023_09_28_15_24_22_716.jpg,0,0.1065438,0,26.87074
D:\Self-Driving-Car Data\IMG\center_2023_09_28_15_24_22_796.jpg,D:\Self-Driving-Car Data\IMG\left_2023_09_28_15_24_22_796.jpg,D:\Self-Driving-Car Data\IMG\right_2023_09_28_15_24_22_796.jpg,0,0,0,26.68258
D:\Self-Driving-Car Data\IMG\center_2023_09_28_15_24_22_877.jpg,D:\Self-Driving-Car Data\IMG\left_2023_09_28_15_24_22_877.jpg,D:\Self-Driving-Car Data\IMG\right_2023_09_28_15_24_22_877.jpg,0,0,0,26.46742
D:\Self-Driving-Car Data\IMG\center_2023_09_28_15_24_22_952.jpg,D:\Self-Driving-Car Data\IMG\left_2023_09_28_15_24_22_952.jpg,D:\Self-Driving-Car Data\IMG\right_2023_09_28_15_24_22_952.jpg,0,0,0,26.25454
D:\Self-Driving-Car Data\IMG\center_2023_09_28_15_24_23_028.jpg,D:\Self-Driving-Car Data\IMG\left_2023_09_28_15_24_23_028.jpg,D:\Self-Driving-Car Data\IMG\right_2023_09_28_15_24_23_028.jpg,0,0,0,26.04342
D:\Self-Driving-Car Data\IMG\center_2023_09_28_15_24_23_105.jpg,D:\Self-Driving-Car Data\IMG\left_2023_09_28_15_24_23_105.jpg,D:\Self-Driving-Car Data\IMG\right_2023_09_28_15_24_23_105.jpg,0,0.1739832,0,25.88729
D:\Self-Driving-Car Data\IMG\center_2023_09_28_15_24_23_182.jpg,D:\Self-Driving-Car Data\IMG\left_2023_09_28_15_24_23_182.jpg,D:\Self-Driving-Car Data\IMG\right_2023_09_28_15_24_23_182.jpg,0,0.2848497,0,25.91555
D:\Self-Driving-Car Data\IMG\center_2023_09_28_15_24_23_263.jpg,D:\Self-Driving-Car Data\IMG\left_2023_09_28_15_24_23_263.jpg,D:\Self-Driving-Car Data\IMG\right_2023_09_28_15_24_23_263.jpg,0,0.0400878,0,25.83136
D:\Self-Driving-Car Data\IMG\center_2023_09_28_15_24_23_349.jpg,D:\Self-Driving-Car Data\IMG\left_2023_09_28_15_24_23_349.jpg,D:\Self-Driving-Car Data\IMG\right_2023_09_28_15_24_23_349.jpg,-0.1,0,0,25.62782
D:\Self-Driving-Car Data\IMG\center_2023_09_28_15_24_23_429.jpg,D:\Self-Driving-Car Data\IMG\left_2023_09_28_15_24_23_429.jpg,D:\Self-Driving-Car Data\IMG\right_2023_09_28_15_24_23_429.jpg,-0.3,0,0,25.37537
D:\Self-Driving-Car Data\IMG\center_2023_09_28_15_24_23_499.jpg,D:\Self-Driving-Car Data\IMG\left_2023_09_28_15_24_23_499.jpg,D:\Self-Driving-Car Data\IMG\right_2023_09_28_15_24_23_499.jpg,-0.45,0,0,25.13844
D:\Self-Driving-Car Data\IMG\center_2023_09_28_15_24_23_566.jpg,D:\Self-Driving-Car Data\IMG\left_2023_09_28_15_24_23_566.jpg,D:\Self-Driving-Car Data\IMG\right_2023_09_28_15_24_23_566.jpg,0,0,0,24.87746
D:\Self-Driving-Car Data\IMG\center_2023_09_28_15_24_23_648.jpg,D:\Self-Driving-Car Data\IMG\left_2023_09_28_15_24_23_648.jpg,D:\Self-Driving-Car Data\IMG\right_2023_09_28_15_24_23_648.jpg,0,0,0,24.66997
D:\Self-Driving-Car Data\IMG\center_2023_09_28_15_24_23_730.jpg,D:\Self-Driving-Car Data\IMG\left_2023_09_28_15_24_23_730.jpg,D:\Self-Driving-Car Data\IMG\right_2023_09_28_15_24_23_730.jpg,0,0,0,24.46992
D:\Self-Driving-Car Data\IMG\center_2023_09_28_15_24_23_801.jpg,D:\Self-Driving-Car Data\IMG\left_2023_09_28_15_24_23_801.jpg,D:\Self-Driving-Car Data\IMG\right_2023_09_28_15_24_23_801.jpg,0,0,0,24.27285
D:\Self-Driving-Car Data\IMG\center_2023_09_28_15_24_23_877.jpg,D:\Self-Driving-Car Data\IMG\left_2023_09_28_15_24_23_877.jpg,D:\Self-Driving-Car Data\IMG\right_2023_09_28_15_24_23_877.jpg,0,0,0,24.12633
D:\Self-Driving-Car Data\IMG\center_2023_09_28_15_24_23_957.jpg,D:\Self-Driving-Car Data\IMG\left_2023_09_28_15_24_23_957.jpg,D:\Self-Driving-Car Data\IMG\right_2023_09_28_15_24_23_957.jpg,0,0,0,23.93236
D:\Self-Driving-Car Data\IMG\center_2023_09_28_15_24_24_032.jpg,D:\Self-Driving-Car Data\IMG\left_2023_09_28_15_24_24_032.jpg,D:\Self-Driving-Car Data\IMG\right_2023_09_28_15_24_24_032.jpg,0,0,0,23.73993
D:\Self-Driving-Car Data\IMG\center_2023_09_28_15_24_24_105.jpg,D:\Self-Driving-Car Data\IMG\left_2023_09_28_15_24_24_105.jpg,D:\Self-Driving-Car Data\IMG\right_2023_09_28_15_24_24_105.jpg,0,0,0,23.54906
D:\Self-Driving-Car Data\IMG\center_2023_09_28_15_24_24_179.jpg,D:\Self-Driving-Car Data\IMG\left_2023_09_28_15_24_24_179.jpg,D:\Self-Driving-Car Data\IMG\right_2023_09_28_15_24_24_179.jpg,0,0,0,23.40692
D:\Self-Driving-Car Data\IMG\center_2023_09_28_15_24_24_251.jpg,D:\Self-Driving-Car Data\IMG\left_2023_09_28_15_24_24_251.jpg,D:\Self-Driving-Car Data\IMG\right_2023_09_28_15_24_24_251.jpg,0,0,0,23.21873
D:\Self-Driving-Car Data\IMG\center_2023_09_28_15_24_24_324.jpg,D:\Self-Driving-Car Data\IMG\left_2023_09_28_15_24_24_324.jpg,D:\Self-Driving-Car Data\IMG\right_2023_09_28_15_24_24_324.jpg,0,0,0,23.03205
D:\Self-Driving-Car Data\IMG\center_2023_09_28_15_24_24_394.jpg,D:\Self-Driving-Car Data\IMG\left_2023_09_28_15_24_24_394.jpg,D:\Self-Driving-Car Data\IMG\right_2023_09_28_15_24_24_394.jpg,0,0,0,22.89302
D:\Self-Driving-Car Data\IMG\center_2023_09_28_15_24_24_464.jpg,D:\Self-Driving-Car Data\IMG\left_2023_09_28_15_24_24_464.jpg,D:\Self-Driving-Car Data\IMG\right_2023_09_28_15_24_24_464.jpg,0,0,0,22.70896
D:\Self-Driving-Car Data\IMG\center_2023_09_28_15_24_24_546.jpg,D:\Self-Driving-Car Data\IMG\left_2023_09_28_15_24_24_546.jpg,D:\Self-Driving-Car Data\IMG\right_2023_09_28_15_24_24_546.jpg,0,0,0,22.52639
D:\Self-Driving-Car Data\IMG\center_2023_09_28_15_24_24_635.jpg,D:\Self-Driving-Car Data\IMG\left_2023_09_28_15_24_24_635.jpg,D:\Self-Driving-Car Data\IMG\right_2023_09_28_15_24_24_635.jpg,0,0,0,22.34527
D:\Self-Driving-Car Data\IMG\center_2023_09_28_15_24_24_713.jpg,D:\Self-Driving-Car Data\IMG\left_2023_09_28_15_24_24_713.jpg,D:\Self-Driving-Car Data\IMG\right_2023_09_28_15_24_24_713.jpg,0,0,0,22.16562
D:\Self-Driving-Car Data\IMG\center_2023_09_28_15_24_24_788.jpg,D:\Self-Driving-Car Data\IMG\left_2023_09_28_15_24_24_788.jpg,D:\Self-Driving-Car Data\IMG\right_2023_09_28_15_24_24_788.jpg,0,0,0,21.98741
D:\Self-Driving-Car Data\IMG\center_2023_09_28_15_24_24_862.jpg,D:\Self-Driving-Car Data\IMG\left_2023_09_28_15_24_24_862.jpg,D:\Self-Driving-Car Data\IMG\right_2023_09_28_15_24_24_862.jpg,0,0,0,21.81064
D:\Self-Driving-Car Data\IMG\center_2023_09_28_15_24_24_937.jpg,D:\Self-Driving-Car Data\IMG\left_2023_09_28_15_24_24_937.jpg,D:\Self-Driving-Car Data\IMG\right_2023_09_28_15_24_24_937.jpg,0,0,0,21.67899
D:\Self-Driving-Car Data\IMG\center_2023_09_28_15_24_25_011.jpg,D:\Self-Driving-Car Data\IMG\left_2023_09_28_15_24_25_011.jpg,D:\Self-Driving-Car Data\IMG\right_2023_09_28_15_24_25_011.jpg,0,0,0,21.50469
D:\Self-Driving-Car Data\IMG\center_2023_09_28_15_24_25_084.jpg,D:\Self-Driving-Car Data\IMG\left_2023_09_28_15_24_25_084.jpg,D:\Self-Driving-Car Data\IMG\right_2023_09_28_15_24_25_084.jpg,0,0,0,21.3318
D:\Self-Driving-Car Data\IMG\center_2023_09_28_15_24_25_159.jpg,D:\Self-Driving-Car Data\IMG\left_2023_09_28_15_24_25_159.jpg,D:\Self-Driving-Car Data\IMG\right_2023_09_28_15_24_25_159.jpg,0,0,0,21.20305
D:\Self-Driving-Car Data\IMG\center_2023_09_28_15_24_25_243.jpg,D:\Self-Driving-Car Data\IMG\left_2023_09_28_15_24_25_243.jpg,D:\Self-Driving-Car Data\IMG\right_2023_09_28_15_24_25_243.jpg,0,0,0,20.99019
D:\Self-Driving-Car Data\IMG\center_2023_09_28_15_24_25_328.jpg,D:\Self-Driving-Car Data\IMG\left_2023_09_28_15_24_25_328.jpg,D:\Self-Driving-Car Data\IMG\right_2023_09_28_15_24_25_328.jpg,0,0.0695952,0,20.82145
D:\Self-Driving-Car Data\IMG\center_2023_09_28_15_24_25_399.jpg,D:\Self-Driving-Car Data\IMG\left_2023_09_28_15_24_25_399.jpg,D:\Self-Driving-Car Data\IMG\right_2023_09_28_15_24_25_399.jpg,0,0.2821122,0,20.81215
D:\Self-Driving-Car Data\IMG\center_2023_09_28_15_24_25_469.jpg,D:\Self-Driving-Car Data\IMG\left_2023_09_28_15_24_25_469.jpg,D:\Self-Driving-Car Data\IMG\right_2023_09_28_15_24_25_469.jpg,0,0.4959405,0,21.01962
D:\Self-Driving-Car Data\IMG\center_2023_09_28_15_24_25_543.jpg,D:\Self-Driving-Car Data\IMG\left_2023_09_28_15_24_25_543.jpg,D:\Self-Driving-Car Data\IMG\right_2023_09_28_15_24_25_543.jpg,0,0.6060528,0,21.4359
D:\Self-Driving-Car Data\IMG\center_2023_09_28_15_24_25_620.jpg,D:\Self-Driving-Car Data\IMG\left_2023_09_28_15_24_25_620.jpg,D:\Self-Driving-Car Data\IMG\right_2023_09_28_15_24_25_620.jpg,0,0.3756921,0,21.65078
D:\Self-Driving-Car Data\IMG\center_2023_09_28_15_24_25_695.jpg,D:\Self-Driving-Car Data\IMG\left_2023_09_28_15_24_25_695.jpg,D:\Self-Driving-Car Data\IMG\right_2023_09_28_15_24_25_695.jpg,0,0.1507611,0,21.73153
D:\Self-Driving-Car Data\IMG\center_2023_09_28_15_24_25_768.jpg,D:\Self-Driving-Car Data\IMG\left_2023_09_28_15_24_25_768.jpg,D:\Self-Driving-Car Data\IMG\right_2023_09_28_15_24_25_768.jpg,0,0,0,21.6047
D:\Self-Driving-Car Data\IMG\center_2023_09_28_15_24_25_840.jpg,D:\Self-Driving-Car Data\IMG\left_2023_09_28_15_24_25_840.jpg,D:\Self-Driving-Car Data\IMG\right_2023_09_28_15_24_25_840.jpg,0,0,0,21.47299
D:\Self-Driving-Car Data\IMG\center_2023_09_28_15_24_25_912.jpg,D:\Self-Driving-Car Data\IMG\left_2023_09_28_15_24_25_912.jpg,D:\Self-Driving-Car Data\IMG\right_2023_09_28_15_24_25_912.jpg,0,0.1129047,0,21.32524
D:\Self-Driving-Car Data\IMG\center_2023_09_28_15_24_25_996.jpg,D:\Self-Driving-Car Data\IMG\left_2023_09_28_15_24_25_996.jpg,D:\Self-Driving-Car Data\IMG\right_2023_09_28_15_24_25_996.jpg,0,0.3630867,0,21.38166
D:\Self-Driving-Car Data\IMG\center_2023_09_28_15_24_26_081.jpg,D:\Self-Driving-Car Data\IMG\left_2023_09_28_15_24_26_081.jpg,D:\Self-Driving-Car Data\IMG\right_2023_09_28_15_24_26_081.jpg,0,0.2472315,0,21.5623
D:\Self-Driving-Car Data\IMG\center_2023_09_28_15_24_26_160.jpg,D:\Self-Driving-Car Data\IMG\left_2023_09_28_15_24_26_160.jpg,D:\Self-Driving-Car Data\IMG\right_2023_09_28_15_24_26_160.jpg,-0.05,0.01300589,0,21.57857
D:\Self-Driving-Car Data\IMG\center_2023_09_28_15_24_26_233.jpg,D:\Self-Driving-Car Data\IMG\left_2023_09_28_15_24_26_233.jpg,D:\Self-Driving-Car Data\IMG\right_2023_09_28_15_24_26_233.jpg,-0.25,0,0,21.37962
D:\Self-Driving-Car Data\IMG\center_2023_09_28_15_24_26_308.jpg,D:\Self-Driving-Car Data\IMG\left_2023_09_28_15_24_26_308.jpg,D:\Self-Driving-Car Data\IMG\right_2023_09_28_15_24_26_308.jpg,-0.45,0,0,21.13508
D:\Self-Driving-Car Data\IMG\center_2023_09_28_15_24_26_380.jpg,D:\Self-Driving-Car Data\IMG\left_2023_09_28_15_24_26_380.jpg,D:\Self-Driving-Car Data\IMG\right_2023_09_28_15_24_26_380.jpg,0,0,0,20.85874
D:\Self-Driving-Car Data\IMG\center_2023_09_28_15_24_26_452.jpg,D:\Self-Driving-Car Data\IMG\left_2023_09_28_15_24_26_452.jpg,D:\Self-Driving-Car Data\IMG\right_2023_09_28_15_24_26_452.jpg,0,0,0,20.60627
D:\Self-Driving-Car Data\IMG\center_2023_09_28_15_24_26_527.jpg,D:\Self-Driving-Car Data\IMG\left_2023_09_28_15_24_26_527.jpg,D:\Self-Driving-Car Data\IMG\right_2023_09_28_15_24_26_527.jpg,0,0,0,20.42521
D:\Self-Driving-Car Data\IMG\center_2023_09_28_15_24_26_600.jpg,D:\Self-Driving-Car Data\IMG\left_2023_09_28_15_24_26_600.jpg,D:\Self-Driving-Car Data\IMG\right_2023_09_28_15_24_26_600.jpg,0,0,0,20.61332
D:\Self-Driving-Car Data\IMG\center_2023_09_28_15_24_26_681.jpg,D:\Self-Driving-Car Data\IMG\left_2023_09_28_15_24_26_681.jpg,D:\Self-Driving-Car Data\IMG\right_2023_09_28_15_24_26_681.jpg,0,0,0,20.45175
D:\Self-Driving-Car Data\IMG\center_2023_09_28_15_24_26_763.jpg,D:\Self-Driving-Car Data\IMG\left_2023_09_28_15_24_26_763.jpg,D:\Self-Driving-Car Data\IMG\right_2023_09_28_15_24_26_763.jpg,0,0,0,19.91473
D:\Self-Driving-Car Data\IMG\center_2023_09_28_15_24_26_845.jpg,D:\Self-Driving-Car Data\IMG\left_2023_09_28_15_24_26_845.jpg,D:\Self-Driving-Car Data\IMG\right_2023_09_28_15_24_26_845.jpg,0,0,0,19.74692
D:\Self-Driving-Car Data\IMG\center_2023_09_28_15_24_26_916.jpg,D:\Self-Driving-Car Data\IMG\left_2023_09_28_15_24_26_916.jpg,D:\Self-Driving-Car Data\IMG\right_2023_09_28_15_24_26_916.jpg,0,0,0,19.977
D:\Self-Driving-Car Data\IMG\center_2023_09_28_15_24_26_989.jpg,D:\Self-Driving-Car Data\IMG\left_2023_09_28_15_24_26_989.jpg,D:\Self-Driving-Car Data\IMG\right_2023_09_28_15_24_26_989.jpg,0,0,0,19.82339
D:\Self-Driving-Car Data\IMG\center_2023_09_28_15_24_27_064.jpg,D:\Self-Driving-Car Data\IMG\left_2023_09_28_15_24_27_064.jpg,D:\Self-Driving-Car Data\IMG\right_2023_09_28_15_24_27_064.jpg,0,0,0,19.67291
D:\Self-Driving-Car Data\IMG\center_2023_09_28_15_24_27_144.jpg,D:\Self-Driving-Car Data\IMG\left_2023_09_28_15_24_27_144.jpg,D:\Self-Driving-Car Data\IMG\right_2023_09_28_15_24_27_144.jpg,0,0,0,19.52558
D:\Self-Driving-Car Data\IMG\center_2023_09_28_15_24_27_221.jpg,D:\Self-Driving-Car Data\IMG\left_2023_09_28_15_24_27_221.jpg,D:\Self-Driving-Car Data\IMG\right_2023_09_28_15_24_27_221.jpg,0,0,0,18.98509
D:\Self-Driving-Car Data\IMG\center_2023_09_28_15_24_27_298.jpg,D:\Self-Driving-Car Data\IMG\left_2023_09_28_15_24_27_298.jpg,D:\Self-Driving-Car Data\IMG\right_2023_09_28_15_24_27_298.jpg,0,0,0,18.81639
D:\Self-Driving-Car Data\IMG\center_2023_09_28_15_24_27_377.jpg,D:\Self-Driving-Car Data\IMG\left_2023_09_28_15_24_27_377.jpg,D:\Self-Driving-Car Data\IMG\right_2023_09_28_15_24_27_377.jpg,0,0,0,18.65272
D:\Self-Driving-Car Data\IMG\center_2023_09_28_15_24_27_455.jpg,D:\Self-Driving-Car Data\IMG\left_2023_09_28_15_24_27_455.jpg,D:\Self-Driving-Car Data\IMG\right_2023_09_28_15_24_27_455.jpg,0,0.1747761,0,18.56896
D:\Self-Driving-Car Data\IMG\center_2023_09_28_15_24_27_535.jpg,D:\Self-Driving-Car Data\IMG\left_2023_09_28_15_24_27_535.jpg,D:\Self-Driving-Car Data\IMG\right_2023_09_28_15_24_27_535.jpg,0,0.2918883,0,18.75282
D:\Self-Driving-Car Data\IMG\center_2023_09_28_15_24_27_618.jpg,D:\Self-Driving-Car Data\IMG\left_2023_09_28_15_24_27_618.jpg,D:\Self-Driving-Car Data\IMG\right_2023_09_28_15_24_27_618.jpg,0,0.0439032,0,18.72868
D:\Self-Driving-Car Data\IMG\center_2023_09_28_15_24_27_693.jpg,D:\Self-Driving-Car Data\IMG\left_2023_09_28_15_24_27_693.jpg,D:\Self-Driving-Car Data\IMG\right_2023_09_28_15_24_27_693.jpg,0,0,0,18.54741
D:\Self-Driving-Car Data\IMG\center_2023_09_28_15_24_27_766.jpg,D:\Self-Driving-Car Data\IMG\left_2023_09_28_15_24_27_766.jpg,D:\Self-Driving-Car Data\IMG\right_2023_09_28_15_24_27_766.jpg,0,0,0,18.38127
D:\Self-Driving-Car Data\IMG\center_2023_09_28_15_24_27_845.jpg,D:\Self-Driving-Car Data\IMG\left_2023_09_28_15_24_27_845.jpg,D:\Self-Driving-Car Data\IMG\right_2023_09_28_15_24_27_845.jpg,0,0.0613266,0,18.22799
D:\Self-Driving-Car Data\IMG\center_2023_09_28_15_24_27_923.jpg,D:\Self-Driving-Car Data\IMG\left_2023_09_28_15_24_27_923.jpg,D:\Self-Driving-Car Data\IMG\right_2023_09_28_15_24_27_923.jpg,0,0.2968317,0,18.28962
D:\Self-Driving-Car Data\IMG\center_2023_09_28_15_24_28_002.jpg,D:\Self-Driving-Car Data\IMG\left_2023_09_28_15_24_28_002.jpg,D:\Self-Driving-Car Data\IMG\right_2023_09_28_15_24_28_002.jpg,0,0.5350875,0,18.65855
D:\Self-Driving-Car Data\IMG\center_2023_09_28_15_24_28_079.jpg,D:\Self-Driving-Car Data\IMG\left_2023_09_28_15_24_28_079.jpg,D:\Self-Driving-Car Data\IMG\right_2023_09_28_15_24_28_079.jpg,0,0.7632381,0,19.29844
D:\Self-Driving-Car Data\IMG\center_2023_09_28_15_24_28_157.jpg,D:\Self-Driving-Car Data\IMG\left_2023_09_28_15_24_28_157.jpg,D:\Self-Driving-Car Data\IMG\right_2023_09_28_15_24_28_157.jpg,0,0.649887,0,19.86909
D:\Self-Driving-Car Data\IMG\center_2023_09_28_15_24_28_236.jpg,D:\Self-Driving-Car Data\IMG\left_2023_09_28_15_24_28_236.jpg,D:\Self-Driving-Car Data\IMG\right_2023_09_28_15_24_28_236.jpg,0,0.412417,0,20.2371
D:\Self-Driving-Car Data\IMG\center_2023_09_28_15_24_28_316.jpg,D:\Self-Driving-Car Data\IMG\left_2023_09_28_15_24_28_316.jpg,D:\Self-Driving-Car Data\IMG\right_2023_09_28_15_24_28_316.jpg,0,0.1733737,0,20.37836
D:\Self-Driving-Car Data\IMG\center_2023_09_28_15_24_28_394.jpg,D:\Self-Driving-Car Data\IMG\left_2023_09_28_15_24_28_394.jpg,D:\Self-Driving-Car Data\IMG\right_2023_09_28_15_24_28_394.jpg,0,0.4070689,0,20.47597
D:\Self-Driving-Car Data\IMG\center_2023_09_28_15_24_28_473.jpg,D:\Self-Driving-Car Data\IMG\left_2023_09_28_15_24_28_473.jpg,D:\Self-Driving-Car Data\IMG\right_2023_09_28_15_24_28_473.jpg,0,0.6452977,0,20.80218
D:\Self-Driving-Car Data\IMG\center_2023_09_28_15_24_28_552.jpg,D:\Self-Driving-Car Data\IMG\left_2023_09_28_15_24_28_552.jpg,D:\Self-Driving-Car Data\IMG\right_2023_09_28_15_24_28_552.jpg,0,0.879859,0,21.33864
D:\Self-Driving-Car Data\IMG\center_2023_09_28_15_24_28_629.jpg,D:\Self-Driving-Car Data\IMG\left_2023_09_28_15_24_28_629.jpg,D:\Self-Driving-Car Data\IMG\right_2023_09_28_15_24_28_629.jpg,-0.15,1,0,22.07267
D:\Self-Driving-Car Data\IMG\center_2023_09_28_15_24_28_709.jpg,D:\Self-Driving-Car Data\IMG\left_2023_09_28_15_24_28_709.jpg,D:\Self-Driving-Car Data\IMG\right_2023_09_28_15_24_28_709.jpg,0,0.761866,0,22.70042
D:\Self-Driving-Car Data\IMG\center_2023_09_28_15_24_28_789.jpg,D:\Self-Driving-Car Data\IMG\left_2023_09_28_15_24_28_789.jpg,D:\Self-Driving-Car Data\IMG\right_2023_09_28_15_24_28_789.jpg,0,0.5232505,0,23.13375
D:\Self-Driving-Car Data\IMG\center_2023_09_28_15_24_28_868.jpg,D:\Self-Driving-Car Data\IMG\left_2023_09_28_15_24_28_868.jpg,D:\Self-Driving-Car Data\IMG\right_2023_09_28_15_24_28_868.jpg,0,0.2831491,0,23.33615
D:\Self-Driving-Car Data\IMG\center_2023_09_28_15_24_28_949.jpg,D:\Self-Driving-Car Data\IMG\left_2023_09_28_15_24_28_949.jpg,D:\Self-Driving-Car Data\IMG\right_2023_09_28_15_24_28_949.jpg,0,0.04116216,0,23.30496
D:\Self-Driving-Car Data\IMG\center_2023_09_28_15_24_29_031.jpg,D:\Self-Driving-Car Data\IMG\left_2023_09_28_15_24_29_031.jpg,D:\Self-Driving-Car Data\IMG\right_2023_09_28_15_24_29_031.jpg,0,0,0,23.11651
D:\Self-Driving-Car Data\IMG\center_2023_09_28_15_24_29_112.jpg,D:\Self-Driving-Car Data\IMG\left_2023_09_28_15_24_29_112.jpg,D:\Self-Driving-Car Data\IMG\right_2023_09_28_15_24_29_112.jpg,-0.15,0,0,22.92213
D:\Self-Driving-Car Data\IMG\center_2023_09_28_15_24_29_194.jpg,D:\Self-Driving-Car Data\IMG\left_2023_09_28_15_24_29_194.jpg,D:\Self-Driving-Car Data\IMG\right_2023_09_28_15_24_29_194.jpg,-0.35,0,0,22.67879
D:\Self-Driving-Car Data\IMG\center_2023_09_28_15_24_29_276.jpg,D:\Self-Driving-Car Data\IMG\left_2023_09_28_15_24_29_276.jpg,D:\Self-Driving-Car Data\IMG\right_2023_09_28_15_24_29_276.jpg,0,0,0,22.39643
D:\Self-Driving-Car Data\IMG\center_2023_09_28_15_24_29_361.jpg,D:\Self-Driving-Car Data\IMG\left_2023_09_28_15_24_29_361.jpg,D:\Self-Driving-Car Data\IMG\right_2023_09_28_15_24_29_361.jpg,0,0,0,22.19935
D:\Self-Driving-Car Data\IMG\center_2023_09_28_15_24_29_442.jpg,D:\Self-Driving-Car Data\IMG\left_2023_09_28_15_24_29_442.jpg,D:\Self-Driving-Car Data\IMG\right_2023_09_28_15_24_29_442.jpg,0,0,0,21.97147
D:\Self-Driving-Car Data\IMG\center_2023_09_28_15_24_29_518.jpg,D:\Self-Driving-Car Data\IMG\left_2023_09_28_15_24_29_518.jpg,D:\Self-Driving-Car Data\IMG\right_2023_09_28_15_24_29_518.jpg,0,0,0,21.84049
D:\Self-Driving-Car Data\IMG\center_2023_09_28_15_24_29_598.jpg,D:\Self-Driving-Car Data\IMG\left_2023_09_28_15_24_29_598.jpg,D:\Self-Driving-Car Data\IMG\right_2023_09_28_15_24_29_598.jpg,0,0.1773366,0,21.72126
D:\Self-Driving-Car Data\IMG\center_2023_09_28_15_24_29_677.jpg,D:\Self-Driving-Car Data\IMG\left_2023_09_28_15_24_29_677.jpg,D:\Self-Driving-Car Data\IMG\right_2023_09_28_15_24_29_677.jpg,0,0.4172274,0,21.83522
D:\Self-Driving-Car Data\IMG\center_2023_09_28_15_24_29_758.jpg,D:\Self-Driving-Car Data\IMG\left_2023_09_28_15_24_29_758.jpg,D:\Self-Driving-Car Data\IMG\right_2023_09_28_15_24_29_758.jpg,0,0.6601756,0,22.18348
D:\Self-Driving-Car Data\IMG\center_2023_09_28_15_24_29_839.jpg,D:\Self-Driving-Car Data\IMG\left_2023_09_28_15_24_29_839.jpg,D:\Self-Driving-Car Data\IMG\right_2023_09_28_15_24_29_839.jpg,0,0.9014359,0,22.76057
D:\Self-Driving-Car Data\IMG\center_2023_09_28_15_24_29_919.jpg,D:\Self-Driving-Car Data\IMG\left_2023_09_28_15_24_29_919.jpg,D:\Self-Driving-Car Data\IMG\right_2023_09_28_15_24_29_919.jpg,0,1,0,23.52512
D:\Self-Driving-Car Data\IMG\center_2023_09_28_15_24_29_999.jpg,D:\Self-Driving-Car Data\IMG\left_2023_09_28_15_24_29_999.jpg,D:\Self-Driving-Car Data\IMG\right_2023_09_28_15_24_29_999.jpg,0,1,0,24.30466
D:\Self-Driving-Car Data\IMG\center_2023_09_28_15_24_30_079.jpg,D:\Self-Driving-Car Data\IMG\left_2023_09_28_15_24_30_079.jpg,D:\Self-Driving-Car Data\IMG\right_2023_09_28_15_24_30_079.jpg,0,1,0,25.07689
D:\Self-Driving-Car Data\IMG\center_2023_09_28_15_24_30_160.jpg,D:\Self-Driving-Car Data\IMG\left_2023_09_28_15_24_30_160.jpg,D:\Self-Driving-Car Data\IMG\right_2023_09_28_15_24_30_160.jpg,0,1,0,25.84295
D:\Self-Driving-Car Data\IMG\center_2023_09_28_15_24_30_241.jpg,D:\Self-Driving-Car Data\IMG\left_2023_09_28_15_24_30_241.jpg,D:\Self-Driving-Car Data\IMG\right_2023_09_28_15_24_30_241.jpg,0,1,0,26.60291
D:\Self-Driving-Car Data\IMG\center_2023_09_28_15_24_30_322.jpg,D:\Self-Driving-Car Data\IMG\left_2023_09_28_15_24_30_322.jpg,D:\Self-Driving-Car Data\IMG\right_2023_09_28_15_24_30_322.jpg,0,1,0,27.544
D:\Self-Driving-Car Data\IMG\center_2023_09_28_15_24_30_405.jpg,D:\Self-Driving-Car Data\IMG\left_2023_09_28_15_24_30_405.jpg,D:\Self-Driving-Car Data\IMG\right_2023_09_28_15_24_30_405.jpg,0,1,0,28.2898
D:\Self-Driving-Car Data\IMG\center_2023_09_28_15_24_30_484.jpg,D:\Self-Driving-Car Data\IMG\left_2023_09_28_15_24_30_484.jpg,D:\Self-Driving-Car Data\IMG\right_2023_09_28_15_24_30_484.jpg,0,1,0,29.02975
D:\Self-Driving-Car Data\IMG\center_2023_09_28_15_24_30_566.jpg,D:\Self-Driving-Car Data\IMG\left_2023_09_28_15_24_30_566.jpg,D:\Self-Driving-Car Data\IMG\right_2023_09_28_15_24_30_566.jpg,0,1,0,29.76373
D:\Self-Driving-Car Data\IMG\center_2023_09_28_15_24_30_652.jpg,D:\Self-Driving-Car Data\IMG\left_2023_09_28_15_24_30_652.jpg,D:\Self-Driving-Car Data\IMG\right_2023_09_28_15_24_30_652.jpg,0,1,0,30.19055
D:\Self-Driving-Car Data\IMG\center_2023_09_28_15_24_30_736.jpg,D:\Self-Driving-Car Data\IMG\left_2023_09_28_15_24_30_736.jpg,D:\Self-Driving-Car Data\IMG\right_2023_09_28_15_24_30_736.jpg,0,1,0,30.19033
D:\Self-Driving-Car Data\IMG\center_2023_09_28_15_24_30_810.jpg,D:\Self-Driving-Car Data\IMG\left_2023_09_28_15_24_30_810.jpg,D:\Self-Driving-Car Data\IMG\right_2023_09_28_15_24_30_810.jpg,0,1,0,30.19036
D:\Self-Driving-Car Data\IMG\center_2023_09_28_15_24_30_892.jpg,D:\Self-Driving-Car Data\IMG\left_2023_09_28_15_24_30_892.jpg,D:\Self-Driving-Car Data\IMG\right_2023_09_28_15_24_30_892.jpg,0,1,0,30.1903
D:\Self-Driving-Car Data\IMG\center_2023_09_28_15_24_30_978.jpg,D:\Self-Driving-Car Data\IMG\left_2023_09_28_15_24_30_978.jpg,D:\Self-Driving-Car Data\IMG\right_2023_09_28_15_24_30_978.jpg,0,1,0,30.19034
D:\Self-Driving-Car Data\IMG\center_2023_09_28_15_24_31_064.jpg,D:\Self-Driving-Car Data\IMG\left_2023_09_28_15_24_31_064.jpg,D:\Self-Driving-Car Data\IMG\right_2023_09_28_15_24_31_064.jpg,0,1,0,30.1903
D:\Self-Driving-Car Data\IMG\center_2023_09_28_15_24_31_144.jpg,D:\Self-Driving-Car Data\IMG\left_2023_09_28_15_24_31_144.jpg,D:\Self-Driving-Car Data\IMG\right_2023_09_28_15_24_31_144.jpg,0,1,0,30.19028
D:\Self-Driving-Car Data\IMG\center_2023_09_28_15_24_31_225.jpg,D:\Self-Driving-Car Data\IMG\left_2023_09_28_15_24_31_225.jpg,D:\Self-Driving-Car Data\IMG\right_2023_09_28_15_24_31_225.jpg,0,1,0,30.19029
D:\Self-Driving-Car Data\IMG\center_2023_09_28_15_24_31_310.jpg,D:\Self-Driving-Car Data\IMG\left_2023_09_28_15_24_31_310.jpg,D:\Self-Driving-Car Data\IMG\right_2023_09_28_15_24_31_310.jpg,0,1,0,30.19024
D:\Self-Driving-Car Data\IMG\center_2023_09_28_15_24_31_383.jpg,D:\Self-Driving-Car Data\IMG\left_2023_09_28_15_24_31_383.jpg,D:\Self-Driving-Car Data\IMG\right_2023_09_28_15_24_31_383.jpg,0,1,0,30.19029
D:\Self-Driving-Car Data\IMG\center_2023_09_28_15_24_31_466.jpg,D:\Self-Driving-Car Data\IMG\left_2023_09_28_15_24_31_466.jpg,D:\Self-Driving-Car Data\IMG\right_2023_09_28_15_24_31_466.jpg,0,1,0,30.19043
D:\Self-Driving-Car Data\IMG\center_2023_09_28_15_24_31_544.jpg,D:\Self-Driving-Car Data\IMG\left_2023_09_28_15_24_31_544.jpg,D:\Self-Driving-Car Data\IMG\right_2023_09_28_15_24_31_544.jpg,0,1,0,30.1903
D:\Self-Driving-Car Data\IMG\center_2023_09_28_15_24_31_619.jpg,D:\Self-Driving-Car Data\IMG\left_2023_09_28_15_24_31_619.jpg,D:\Self-Driving-Car Data\IMG\right_2023_09_28_15_24_31_619.jpg,0,1,0,30.19013
D:\Self-Driving-Car Data\IMG\center_2023_09_28_15_24_31_707.jpg,D:\Self-Driving-Car Data\IMG\left_2023_09_28_15_24_31_707.jpg,D:\Self-Driving-Car Data\IMG\right_2023_09_28_15_24_31_707.jpg,0,1,0,30.1902
D:\Self-Driving-Car Data\IMG\center_2023_09_28_15_24_31_793.jpg,D:\Self-Driving-Car Data\IMG\left_2023_09_28_15_24_31_793.jpg,D:\Self-Driving-Car Data\IMG\right_2023_09_28_15_24_31_793.jpg,0,1,0,30.19051
D:\Self-Driving-Car Data\IMG\center_2023_09_28_15_24_31_878.jpg,D:\Self-Driving-Car Data\IMG\left_2023_09_28_15_24_31_878.jpg,D:\Self-Driving-Car Data\IMG\right_2023_09_28_15_24_31_878.jpg,0,1,0,30.1902
D:\Self-Driving-Car Data\IMG\center_2023_09_28_15_24_31_953.jpg,D:\Self-Driving-Car Data\IMG\left_2023_09_28_15_24_31_953.jpg,D:\Self-Driving-Car Data\IMG\right_2023_09_28_15_24_31_953.jpg,0,1,0,30.19011
D:\Self-Driving-Car Data\IMG\center_2023_09_28_15_24_32_037.jpg,D:\Self-Driving-Car Data\IMG\left_2023_09_28_15_24_32_037.jpg,D:\Self-Driving-Car Data\IMG\right_2023_09_28_15_24_32_037.jpg,-0.15,1,0,30.18435
D:\Self-Driving-Car Data\IMG\center_2023_09_28_15_24_32_105.jpg,D:\Self-Driving-Car Data\IMG\left_2023_09_28_15_24_32_105.jpg,D:\Self-Driving-Car Data\IMG\right_2023_09_28_15_24_32_105.jpg,0,1,0,30.19021
D:\Self-Driving-Car Data\IMG\center_2023_09_28_15_24_32_187.jpg,D:\Self-Driving-Car Data\IMG\left_2023_09_28_15_24_32_187.jpg,D:\Self-Driving-Car Data\IMG\right_2023_09_28_15_24_32_187.jpg,0,1,0,30.19018
D:\Self-Driving-Car Data\IMG\center_2023_09_28_15_24_32_270.jpg,D:\Self-Driving-Car Data\IMG\left_2023_09_28_15_24_32_270.jpg,D:\Self-Driving-Car Data\IMG\right_2023_09_28_15_24_32_270.jpg,0,1,0,30.19023
D:\Self-Driving-Car Data\IMG\center_2023_09_28_15_24_32_355.jpg,D:\Self-Driving-Car Data\IMG\left_2023_09_28_15_24_32_355.jpg,D:\Self-Driving-Car Data\IMG\right_2023_09_28_15_24_32_355.jpg,0,1,0,30.19023
D:\Self-Driving-Car Data\IMG\center_2023_09_28_15_24_32_439.jpg,D:\Self-Driving-Car Data\IMG\left_2023_09_28_15_24_32_439.jpg,D:\Self-Driving-Car Data\IMG\right_2023_09_28_15_24_32_439.jpg,0,1,0,30.19021
D:\Self-Driving-Car Data\IMG\center_2023_09_28_15_24_32_525.jpg,D:\Self-Driving-Car Data\IMG\left_2023_09_28_15_24_32_525.jpg,D:\Self-Driving-Car Data\IMG\right_2023_09_28_15_24_32_525.jpg,-0.1,1,0,30.18782
D:\Self-Driving-Car Data\IMG\center_2023_09_28_15_24_32_611.jpg,D:\Self-Driving-Car Data\IMG\left_2023_09_28_15_24_32_611.jpg,D:\Self-Driving-Car Data\IMG\right_2023_09_28_15_24_32_611.jpg,0,1,0,30.19088
D:\Self-Driving-Car Data\IMG\center_2023_09_28_15_24_32_696.jpg,D:\Self-Driving-Car Data\IMG\left_2023_09_28_15_24_32_696.jpg,D:\Self-Driving-Car Data\IMG\right_2023_09_28_15_24_32_696.jpg,0,1,0,30.19019
D:\Self-Driving-Car Data\IMG\center_2023_09_28_15_24_32_780.jpg,D:\Self-Driving-Car Data\IMG\left_2023_09_28_15_24_32_780.jpg,D:\Self-Driving-Car Data\IMG\right_2023_09_28_15_24_32_780.jpg,0,1,0,30.19027
D:\Self-Driving-Car Data\IMG\center_2023_09_28_15_24_32_866.jpg,D:\Self-Driving-Car Data\IMG\left_2023_09_28_15_24_32_866.jpg,D:\Self-Driving-Car Data\IMG\right_2023_09_28_15_24_32_866.jpg,0,1,0,30.19083
D:\Self-Driving-Car Data\IMG\center_2023_09_28_15_24_32_950.jpg,D:\Self-Driving-Car Data\IMG\left_2023_09_28_15_24_32_950.jpg,D:\Self-Driving-Car Data\IMG\right_2023_09_28_15_24_32_950.jpg,0,1,0,30.19015
D:\Self-Driving-Car Data\IMG\center_2023_09_28_15_24_33_036.jpg,D:\Self-Driving-Car Data\IMG\left_2023_09_28_15_24_33_036.jpg,D:\Self-Driving-Car Data\IMG\right_2023_09_28_15_24_33_036.jpg,0,1,0,30.19021
D:\Self-Driving-Car Data\IMG\center_2023_09_28_15_24_33_122.jpg,D:\Self-Driving-Car Data\IMG\left_2023_09_28_15_24_33_122.jpg,D:\Self-Driving-Car Data\IMG\right_2023_09_28_15_24_33_122.jpg,-0.15,1,0,30.18425
D:\Self-Driving-Car Data\IMG\center_2023_09_28_15_24_33_207.jpg,D:\Self-Driving-Car Data\IMG\left_2023_09_28_15_24_33_207.jpg,D:\Self-Driving-Car Data\IMG\right_2023_09_28_15_24_33_207.jpg,0,1,0,30.18445
D:\Self-Driving-Car Data\IMG\center_2023_09_28_15_24_33_291.jpg,D:\Self-Driving-Car Data\IMG\left_2023_09_28_15_24_33_291.jpg,D:\Self-Driving-Car Data\IMG\right_2023_09_28_15_24_33_291.jpg,0,1,0,30.1897
D:\Self-Driving-Car Data\IMG\center_2023_09_28_15_24_33_374.jpg,D:\Self-Driving-Car Data\IMG\left_2023_09_28_15_24_33_374.jpg,D:\Self-Driving-Car Data\IMG\right_2023_09_28_15_24_33_374.jpg,0,1,0,30.19018
D:\Self-Driving-Car Data\IMG\center_2023_09_28_15_24_33_458.jpg,D:\Self-Driving-Car Data\IMG\left_2023_09_28_15_24_33_458.jpg,D:\Self-Driving-Car Data\IMG\right_2023_09_28_15_24_33_458.jpg,0,1,0,30.19029
D:\Self-Driving-Car Data\IMG\center_2023_09_28_15_24_33_541.jpg,D:\Self-Driving-Car Data\IMG\left_2023_09_28_15_24_33_541.jpg,D:\Self-Driving-Car Data\IMG\right_2023_09_28_15_24_33_541.jpg,0,1,0,30.1903
D:\Self-Driving-Car Data\IMG\center_2023_09_28_15_24_33_624.jpg,D:\Self-Driving-Car Data\IMG\left_2023_09_28_15_24_33_624.jpg,D:\Self-Driving-Car Data\IMG\right_2023_09_28_15_24_33_624.jpg,0,1,0,30.19032
D:\Self-Driving-Car Data\IMG\center_2023_09_28_15_24_33_708.jpg,D:\Self-Driving-Car Data\IMG\left_2023_09_28_15_24_33_708.jpg,D:\Self-Driving-Car Data\IMG\right_2023_09_28_15_24_33_708.jpg,0,1,0,30.19034
D:\Self-Driving-Car Data\IMG\center_2023_09_28_15_24_33_793.jpg,D:\Self-Driving-Car Data\IMG\left_2023_09_28_15_24_33_793.jpg,D:\Self-Driving-Car Data\IMG\right_2023_09_28_15_24_33_793.jpg,-0.2,1,0,30.18033
D:\Self-Driving-Car Data\IMG\center_2023_09_28_15_24_33_875.jpg,D:\Self-Driving-Car Data\IMG\left_2023_09_28_15_24_33_875.jpg,D:\Self-Driving-Car Data\IMG\right_2023_09_28_15_24_33_875.jpg,0,1,0,30.19032
D:\Self-Driving-Car Data\IMG\center_2023_09_28_15_24_33_960.jpg,D:\Self-Driving-Car Data\IMG\left_2023_09_28_15_24_33_960.jpg,D:\Self-Driving-Car Data\IMG\right_2023_09_28_15_24_33_960.jpg,0,1,0,30.19034
D:\Self-Driving-Car Data\IMG\center_2023_09_28_15_24_34_049.jpg,D:\Self-Driving-Car Data\IMG\left_2023_09_28_15_24_34_049.jpg,D:\Self-Driving-Car Data\IMG\right_2023_09_28_15_24_34_049.jpg,0,1,0,30.19039
D:\Self-Driving-Car Data\IMG\center_2023_09_28_15_24_34_138.jpg,D:\Self-Driving-Car Data\IMG\left_2023_09_28_15_24_34_138.jpg,D:\Self-Driving-Car Data\IMG\right_2023_09_28_15_24_34_138.jpg,0,1,0,30.19041
D:\Self-Driving-Car Data\IMG\center_2023_09_28_15_24_34_220.jpg,D:\Self-Driving-Car Data\IMG\left_2023_09_28_15_24_34_220.jpg,D:\Self-Driving-Car Data\IMG\right_2023_09_28_15_24_34_220.jpg,0,1,0,30.19042
D:\Self-Driving-Car Data\IMG\center_2023_09_28_15_24_34_288.jpg,D:\Self-Driving-Car Data\IMG\left_2023_09_28_15_24_34_288.jpg,D:\Self-Driving-Car Data\IMG\right_2023_09_28_15_24_34_288.jpg,0,1,0,30.19032
D:\Self-Driving-Car Data\IMG\center_2023_09_28_15_24_34_357.jpg,D:\Self-Driving-Car Data\IMG\left_2023_09_28_15_24_34_357.jpg,D:\Self-Driving-Car Data\IMG\right_2023_09_28_15_24_34_357.jpg,0,1,0,30.19024
D:\Self-Driving-Car Data\IMG\center_2023_09_28_15_24_34_427.jpg,D:\Self-Driving-Car Data\IMG\left_2023_09_28_15_24_34_427.jpg,D:\Self-Driving-Car Data\IMG\right_2023_09_28_15_24_34_427.jpg,0,1,0,30.19032
D:\Self-Driving-Car Data\IMG\center_2023_09_28_15_24_34_513.jpg,D:\Self-Driving-Car Data\IMG\left_2023_09_28_15_24_34_513.jpg,D:\Self-Driving-Car Data\IMG\right_2023_09_28_15_24_34_513.jpg,0,1,0,30.18996
D:\Self-Driving-Car Data\IMG\center_2023_09_28_15_24_34_598.jpg,D:\Self-Driving-Car Data\IMG\left_2023_09_28_15_24_34_598.jpg,D:\Self-Driving-Car Data\IMG\right_2023_09_28_15_24_34_598.jpg,0,1,0,30.1902
D:\Self-Driving-Car Data\IMG\center_2023_09_28_15_24_34_668.jpg,D:\Self-Driving-Car Data\IMG\left_2023_09_28_15_24_34_668.jpg,D:\Self-Driving-Car Data\IMG\right_2023_09_28_15_24_34_668.jpg,0,1,0,30.19027
D:\Self-Driving-Car Data\IMG\center_2023_09_28_15_24_34_754.jpg,D:\Self-Driving-Car Data\IMG\left_2023_09_28_15_24_34_754.jpg,D:\Self-Driving-Car Data\IMG\right_2023_09_28_15_24_34_754.jpg,0,1,0,30.1903
D:\Self-Driving-Car Data\IMG\center_2023_09_28_15_24_34_839.jpg,D:\Self-Driving-Car Data\IMG\left_2023_09_28_15_24_34_839.jpg,D:\Self-Driving-Car Data\IMG\right_2023_09_28_15_24_34_839.jpg,0,1,0,30.19027
D:\Self-Driving-Car Data\IMG\center_2023_09_28_15_24_34_917.jpg,D:\Self-Driving-Car Data\IMG\left_2023_09_28_15_24_34_917.jpg,D:\Self-Driving-Car Data\IMG\right_2023_09_28_15_24_34_917.jpg,0,1,0,30.19025
D:\Self-Driving-Car Data\IMG\center_2023_09_28_15_24_35_003.jpg,D:\Self-Driving-Car Data\IMG\left_2023_09_28_15_24_35_003.jpg,D:\Self-Driving-Car Data\IMG\right_2023_09_28_15_24_35_003.jpg,0,1,0,30.19025
D:\Self-Driving-Car Data\IMG\center_2023_09_28_15_24_35_078.jpg,D:\Self-Driving-Car Data\IMG\left_2023_09_28_15_24_35_078.jpg,D:\Self-Driving-Car Data\IMG\right_2023_09_28_15_24_35_078.jpg,0,1,0,30.19027
D:\Self-Driving-Car Data\IMG\center_2023_09_28_15_24_35_163.jpg,D:\Self-Driving-Car Data\IMG\left_2023_09_28_15_24_35_163.jpg,D:\Self-Driving-Car Data\IMG\right_2023_09_28_15_24_35_163.jpg,-0.25,1,0,30.17518
D:\Self-Driving-Car Data\IMG\center_2023_09_28_15_24_35_239.jpg,D:\Self-Driving-Car Data\IMG\left_2023_09_28_15_24_35_239.jpg,D:\Self-Driving-Car Data\IMG\right_2023_09_28_15_24_35_239.jpg,0,1,0,30.18928
D:\Self-Driving-Car Data\IMG\center_2023_09_28_15_24_35_322.jpg,D:\Self-Driving-Car Data\IMG\left_2023_09_28_15_24_35_322.jpg,D:\Self-Driving-Car Data\IMG\right_2023_09_28_15_24_35_322.jpg,0,1,0,30.19028
D:\Self-Driving-Car Data\IMG\center_2023_09_28_15_24_35_403.jpg,D:\Self-Driving-Car Data\IMG\left_2023_09_28_15_24_35_403.jpg,D:\Self-Driving-Car Data\IMG\right_2023_09_28_15_24_35_403.jpg,0,1,0,30.19034
D:\Self-Driving-Car Data\IMG\center_2023_09_28_15_24_35_487.jpg,D:\Self-Driving-Car Data\IMG\left_2023_09_28_15_24_35_487.jpg,D:\Self-Driving-Car Data\IMG\right_2023_09_28_15_24_35_487.jpg,0,1,0,30.19038
D:\Self-Driving-Car Data\IMG\center_2023_09_28_15_24_35_567.jpg,D:\Self-Driving-Car Data\IMG\left_2023_09_28_15_24_35_567.jpg,D:\Self-Driving-Car Data\IMG\right_2023_09_28_15_24_35_567.jpg,0,1,0,30.19039
D:\Self-Driving-Car Data\IMG\center_2023_09_28_15_24_35_647.jpg,D:\Self-Driving-Car Data\IMG\left_2023_09_28_15_24_35_647.jpg,D:\Self-Driving-Car Data\IMG\right_2023_09_28_15_24_35_647.jpg,0,1,0,30.19041
D:\Self-Driving-Car Data\IMG\center_2023_09_28_15_24_35_732.jpg,D:\Self-Driving-Car Data\IMG\left_2023_09_28_15_24_35_732.jpg,D:\Self-Driving-Car Data\IMG\right_2023_09_28_15_24_35_732.jpg,0,1,0,30.19029
D:\Self-Driving-Car Data\IMG\center_2023_09_28_15_24_35_808.jpg,D:\Self-Driving-Car Data\IMG\left_2023_09_28_15_24_35_808.jpg,D:\Self-Driving-Car Data\IMG\right_2023_09_28_15_24_35_808.jpg,0,1,0,30.1903
D:\Self-Driving-Car Data\IMG\center_2023_09_28_15_24_35_891.jpg,D:\Self-Driving-Car Data\IMG\left_2023_09_28_15_24_35_891.jpg,D:\Self-Driving-Car Data\IMG\right_2023_09_28_15_24_35_891.jpg,0,1,0,30.1907
D:\Self-Driving-Car Data\IMG\center_2023_09_28_15_24_35_972.jpg,D:\Self-Driving-Car Data\IMG\left_2023_09_28_15_24_35_972.jpg,D:\Self-Driving-Car Data\IMG\right_2023_09_28_15_24_35_972.jpg,0,1,0,30.19014
D:\Self-Driving-Car Data\IMG\center_2023_09_28_15_24_36_054.jpg,D:\Self-Driving-Car Data\IMG\left_2023_09_28_15_24_36_054.jpg,D:\Self-Driving-Car Data\IMG\right_2023_09_28_15_24_36_054.jpg,0,1,0,30.19022
D:\Self-Driving-Car Data\IMG\center_2023_09_28_15_24_36_134.jpg,D:\Self-Driving-Car Data\IMG\left_2023_09_28_15_24_36_134.jpg,D:\Self-Driving-Car Data\IMG\right_2023_09_28_15_24_36_134.jpg,0,1,0,30.19022
D:\Self-Driving-Car Data\IMG\center_2023_09_28_15_24_36_215.jpg,D:\Self-Driving-Car Data\IMG\left_2023_09_28_15_24_36_215.jpg,D:\Self-Driving-Car Data\IMG\right_2023_09_28_15_24_36_215.jpg,0,1,0,30.19026
D:\Self-Driving-Car Data\IMG\center_2023_09_28_15_24_36_294.jpg,D:\Self-Driving-Car Data\IMG\left_2023_09_28_15_24_36_294.jpg,D:\Self-Driving-Car Data\IMG\right_2023_09_28_15_24_36_294.jpg,0,1,0,30.19024
D:\Self-Driving-Car Data\IMG\center_2023_09_28_15_24_36_380.jpg,D:\Self-Driving-Car Data\IMG\left_2023_09_28_15_24_36_380.jpg,D:\Self-Driving-Car Data\IMG\right_2023_09_28_15_24_36_380.jpg,0,1,0,30.19024
D:\Self-Driving-Car Data\IMG\center_2023_09_28_15_24_36_447.jpg,D:\Self-Driving-Car Data\IMG\left_2023_09_28_15_24_36_447.jpg,D:\Self-Driving-Car Data\IMG\right_2023_09_28_15_24_36_447.jpg,0,1,0,30.19023
D:\Self-Driving-Car Data\IMG\center_2023_09_28_15_24_36_517.jpg,D:\Self-Driving-Car Data\IMG\left_2023_09_28_15_24_36_517.jpg,D:\Self-Driving-Car Data\IMG\right_2023_09_28_15_24_36_517.jpg,0,1,0,30.19022
D:\Self-Driving-Car Data\IMG\center_2023_09_28_15_24_36_584.jpg,D:\Self-Driving-Car Data\IMG\left_2023_09_28_15_24_36_584.jpg,D:\Self-Driving-Car Data\IMG\right_2023_09_28_15_24_36_584.jpg,0,1,0,30.19025
D:\Self-Driving-Car Data\IMG\center_2023_09_28_15_24_36_667.jpg,D:\Self-Driving-Car Data\IMG\left_2023_09_28_15_24_36_667.jpg,D:\Self-Driving-Car Data\IMG\right_2023_09_28_15_24_36_667.jpg,-0.1,1,0,30.18779
D:\Self-Driving-Car Data\IMG\center_2023_09_28_15_24_36_746.jpg,D:\Self-Driving-Car Data\IMG\left_2023_09_28_15_24_36_746.jpg,D:\Self-Driving-Car Data\IMG\right_2023_09_28_15_24_36_746.jpg,-0.3,1,0,30.16976
D:\Self-Driving-Car Data\IMG\center_2023_09_28_15_24_36_825.jpg,D:\Self-Driving-Car Data\IMG\left_2023_09_28_15_24_36_825.jpg,D:\Self-Driving-Car Data\IMG\right_2023_09_28_15_24_36_825.jpg,0,1,0,30.18985
D:\Self-Driving-Car Data\IMG\center_2023_09_28_15_24_36_903.jpg,D:\Self-Driving-Car Data\IMG\left_2023_09_28_15_24_36_903.jpg,D:\Self-Driving-Car Data\IMG\right_2023_09_28_15_24_36_903.jpg,0,1,0,30.19021
D:\Self-Driving-Car Data\IMG\center_2023_09_28_15_24_36_982.jpg,D:\Self-Driving-Car Data\IMG\left_2023_09_28_15_24_36_982.jpg,D:\Self-Driving-Car Data\IMG\right_2023_09_28_15_24_36_982.jpg,0,1,0,30.19035
D:\Self-Driving-Car Data\IMG\center_2023_09_28_15_24_37_062.jpg,D:\Self-Driving-Car Data\IMG\left_2023_09_28_15_24_37_062.jpg,D:\Self-Driving-Car Data\IMG\right_2023_09_28_15_24_37_062.jpg,0,1,0,30.19042
D:\Self-Driving-Car Data\IMG\center_2023_09_28_15_24_37_147.jpg,D:\Self-Driving-Car Data\IMG\left_2023_09_28_15_24_37_147.jpg,D:\Self-Driving-Car Data\IMG\right_2023_09_28_15_24_37_147.jpg,0,1,0,30.19018
D:\Self-Driving-Car Data\IMG\center_2023_09_28_15_24_37_229.jpg,D:\Self-Driving-Car Data\IMG\left_2023_09_28_15_24_37_229.jpg,D:\Self-Driving-Car Data\IMG\right_2023_09_28_15_24_37_229.jpg,0,1,0,30.19028
D:\Self-Driving-Car Data\IMG\center_2023_09_28_15_24_37_311.jpg,D:\Self-Driving-Car Data\IMG\left_2023_09_28_15_24_37_311.jpg,D:\Self-Driving-Car Data\IMG\right_2023_09_28_15_24_37_311.jpg,0,1,0,30.19049
D:\Self-Driving-Car Data\IMG\center_2023_09_28_15_24_37_397.jpg,D:\Self-Driving-Car Data\IMG\left_2023_09_28_15_24_37_397.jpg,D:\Self-Driving-Car Data\IMG\right_2023_09_28_15_24_37_397.jpg,0,1,0,30.1902
D:\Self-Driving-Car Data\IMG\center_2023_09_28_15_24_37_479.jpg,D:\Self-Driving-Car Data\IMG\left_2023_09_28_15_24_37_479.jpg,D:\Self-Driving-Car Data\IMG\right_2023_09_28_15_24_37_479.jpg,0,1,0,30.19024
D:\Self-Driving-Car Data\IMG\center_2023_09_28_15_24_37_558.jpg,D:\Self-Driving-Car Data\IMG\left_2023_09_28_15_24_37_558.jpg,D:\Self-Driving-Car Data\IMG\right_2023_09_28_15_24_37_558.jpg,0,1,0,30.19027
D:\Self-Driving-Car Data\IMG\center_2023_09_28_15_24_37_642.jpg,D:\Self-Driving-Car Data\IMG\left_2023_09_28_15_24_37_642.jpg,D:\Self-Driving-Car Data\IMG\right_2023_09_28_15_24_37_642.jpg,0,1,0,30.19028
D:\Self-Driving-Car Data\IMG\center_2023_09_28_15_24_37_723.jpg,D:\Self-Driving-Car Data\IMG\left_2023_09_28_15_24_37_723.jpg,D:\Self-Driving-Car Data\IMG\right_2023_09_28_15_24_37_723.jpg,0,1,0,30.19028
D:\Self-Driving-Car Data\IMG\center_2023_09_28_15_24_37_801.jpg,D:\Self-Driving-Car Data\IMG\left_2023_09_28_15_24_37_801.jpg,D:\Self-Driving-Car Data\IMG\right_2023_09_28_15_24_37_801.jpg,0,1,0,30.19025
D:\Self-Driving-Car Data\IMG\center_2023_09_28_15_24_37_883.jpg,D:\Self-Driving-Car Data\IMG\left_2023_09_28_15_24_37_883.jpg,D:\Self-Driving-Car Data\IMG\right_2023_09_28_15_24_37_883.jpg,0,1,0,30.19023
D:\Self-Driving-Car Data\IMG\center_2023_09_28_15_24_37_963.jpg,D:\Self-Driving-Car Data\IMG\left_2023_09_28_15_24_37_963.jpg,D:\Self-Driving-Car Data\IMG\right_2023_09_28_15_24_37_963.jpg,0,1,0,30.19025
D:\Self-Driving-Car Data\IMG\center_2023_09_28_15_24_38_047.jpg,D:\Self-Driving-Car Data\IMG\left_2023_09_28_15_24_38_047.jpg,D:\Self-Driving-Car Data\IMG\right_2023_09_28_15_24_38_047.jpg,0,1,0,30.19025
D:\Self-Driving-Car Data\IMG\center_2023_09_28_15_24_38_128.jpg,D:\Self-Driving-Car Data\IMG\left_2023_09_28_15_24_38_128.jpg,D:\Self-Driving-Car Data\IMG\right_2023_09_28_15_24_38_128.jpg,0,1,0,30.19026
D:\Self-Driving-Car Data\IMG\center_2023_09_28_15_24_38_210.jpg,D:\Self-Driving-Car Data\IMG\left_2023_09_28_15_24_38_210.jpg,D:\Self-Driving-Car Data\IMG\right_2023_09_28_15_24_38_210.jpg,0,1,0,30.19028
D:\Self-Driving-Car Data\IMG\center_2023_09_28_15_24_38_290.jpg,D:\Self-Driving-Car Data\IMG\left_2023_09_28_15_24_38_290.jpg,D:\Self-Driving-Car Data\IMG\right_2023_09_28_15_24_38_290.jpg,0,1,0,30.19027
D:\Self-Driving-Car Data\IMG\center_2023_09_28_15_24_38_369.jpg,D:\Self-Driving-Car Data\IMG\left_2023_09_28_15_24_38_369.jpg,D:\Self-Driving-Car Data\IMG\right_2023_09_28_15_24_38_369.jpg,0,1,0,30.19027
D:\Self-Driving-Car Data\IMG\center_2023_09_28_15_24_38_449.jpg,D:\Self-Driving-Car Data\IMG\left_2023_09_28_15_24_38_449.jpg,D:\Self-Driving-Car Data\IMG\right_2023_09_28_15_24_38_449.jpg,-0.2,1,0,30.18027
D:\Self-Driving-Car Data\IMG\center_2023_09_28_15_24_38_529.jpg,D:\Self-Driving-Car Data\IMG\left_2023_09_28_15_24_38_529.jpg,D:\Self-Driving-Car Data\IMG\right_2023_09_28_15_24_38_529.jpg,0,1,0,30.19
D:\Self-Driving-Car Data\IMG\center_2023_09_28_15_24_38_608.jpg,D:\Self-Driving-Car Data\IMG\left_2023_09_28_15_24_38_608.jpg,D:\Self-Driving-Car Data\IMG\right_2023_09_28_15_24_38_608.jpg,0,1,0,30.19013
D:\Self-Driving-Car Data\IMG\center_2023_09_28_15_24_38_687.jpg,D:\Self-Driving-Car Data\IMG\left_2023_09_28_15_24_38_687.jpg,D:\Self-Driving-Car Data\IMG\right_2023_09_28_15_24_38_687.jpg,0,1,0,30.19061
D:\Self-Driving-Car Data\IMG\center_2023_09_28_15_24_38_766.jpg,D:\Self-Driving-Car Data\IMG\left_2023_09_28_15_24_38_766.jpg,D:\Self-Driving-Car Data\IMG\right_2023_09_28_15_24_38_766.jpg,0,1,0,30.19008
D:\Self-Driving-Car Data\IMG\center_2023_09_28_15_24_38_846.jpg,D:\Self-Driving-Car Data\IMG\left_2023_09_28_15_24_38_846.jpg,D:\Self-Driving-Car Data\IMG\right_2023_09_28_15_24_38_846.jpg,0,1,0,30.19021
D:\Self-Driving-Car Data\IMG\center_2023_09_28_15_24_38_927.jpg,D:\Self-Driving-Car Data\IMG\left_2023_09_28_15_24_38_927.jpg,D:\Self-Driving-Car Data\IMG\right_2023_09_28_15_24_38_927.jpg,0,1,0,30.19019
D:\Self-Driving-Car Data\IMG\center_2023_09_28_15_24_39_008.jpg,D:\Self-Driving-Car Data\IMG\left_2023_09_28_15_24_39_008.jpg,D:\Self-Driving-Car Data\IMG\right_2023_09_28_15_24_39_008.jpg,-0.15,1,0,30.18444
D:\Self-Driving-Car Data\IMG\center_2023_09_28_15_24_39_087.jpg,D:\Self-Driving-Car Data\IMG\left_2023_09_28_15_24_39_087.jpg,D:\Self-Driving-Car Data\IMG\right_2023_09_28_15_24_39_087.jpg,0,1,0,30.19073
D:\Self-Driving-Car Data\IMG\center_2023_09_28_15_24_39_170.jpg,D:\Self-Driving-Car Data\IMG\left_2023_09_28_15_24_39_170.jpg,D:\Self-Driving-Car Data\IMG\right_2023_09_28_15_24_39_170.jpg,0,1,0,30.19009
D:\Self-Driving-Car Data\IMG\center_2023_09_28_15_24_39_246.jpg,D:\Self-Driving-Car Data\IMG\left_2023_09_28_15_24_39_246.jpg,D:\Self-Driving-Car Data\IMG\right_2023_09_28_15_24_39_246.jpg,0,1,0,30.19022
D:\Self-Driving-Car Data\IMG\center_2023_09_28_15_24_39_327.jpg,D:\Self-Driving-Car Data\IMG\left_2023_09_28_15_24_39_327.jpg,D:\Self-Driving-Car Data\IMG\right_2023_09_28_15_24_39_327.jpg,0,1,0,30.19029
D:\Self-Driving-Car Data\IMG\center_2023_09_28_15_24_39_405.jpg,D:\Self-Driving-Car Data\IMG\left_2023_09_28_15_24_39_405.jpg,D:\Self-Driving-Car Data\IMG\right_2023_09_28_15_24_39_405.jpg,0,1,0,30.19031
D:\Self-Driving-Car Data\IMG\center_2023_09_28_15_24_39_486.jpg,D:\Self-Driving-Car Data\IMG\left_2023_09_28_15_24_39_486.jpg,D:\Self-Driving-Car Data\IMG\right_2023_09_28_15_24_39_486.jpg,-0.05,1,0,30.18982
D:\Self-Driving-Car Data\IMG\center_2023_09_28_15_24_39_563.jpg,D:\Self-Driving-Car Data\IMG\left_2023_09_28_15_24_39_563.jpg,D:\Self-Driving-Car Data\IMG\right_2023_09_28_15_24_39_563.jpg,-0.25,1,0,30.17536
D:\Self-Driving-Car Data\IMG\center_2023_09_28_15_24_39_644.jpg,D:\Self-Driving-Car Data\IMG\left_2023_09_28_15_24_39_644.jpg,D:\Self-Driving-Car Data\IMG\right_2023_09_28_15_24_39_644.jpg,0,1,0,30.19016
D:\Self-Driving-Car Data\IMG\center_2023_09_28_15_24_39_721.jpg,D:\Self-Driving-Car Data\IMG\left_2023_09_28_15_24_39_721.jpg,D:\Self-Driving-Car Data\IMG\right_2023_09_28_15_24_39_721.jpg,0,1,0,30.19028
D:\Self-Driving-Car Data\IMG\center_2023_09_28_15_24_39_801.jpg,D:\Self-Driving-Car Data\IMG\left_2023_09_28_15_24_39_801.jpg,D:\Self-Driving-Car Data\IMG\right_2023_09_28_15_24_39_801.jpg,0,1,0,30.1904
D:\Self-Driving-Car Data\IMG\center_2023_09_28_15_24_39_877.jpg,D:\Self-Driving-Car Data\IMG\left_2023_09_28_15_24_39_877.jpg,D:\Self-Driving-Car Data\IMG\right_2023_09_28_15_24_39_877.jpg,0,1,0,30.19027
D:\Self-Driving-Car Data\IMG\center_2023_09_28_15_24_39_954.jpg,D:\Self-Driving-Car Data\IMG\left_2023_09_28_15_24_39_954.jpg,D:\Self-Driving-Car Data\IMG\right_2023_09_28_15_24_39_954.jpg,0,1,0,30.19029
D:\Self-Driving-Car Data\IMG\center_2023_09_28_15_24_40_029.jpg,D:\Self-Driving-Car Data\IMG\left_2023_09_28_15_24_40_029.jpg,D:\Self-Driving-Car Data\IMG\right_2023_09_28_15_24_40_029.jpg,-0.15,1,0,30.18524
D:\Self-Driving-Car Data\IMG\center_2023_09_28_15_24_40_108.jpg,D:\Self-Driving-Car Data\IMG\left_2023_09_28_15_24_40_108.jpg,D:\Self-Driving-Car Data\IMG\right_2023_09_28_15_24_40_108.jpg,0,1,0,30.18449
D:\Self-Driving-Car Data\IMG\center_2023_09_28_15_24_40_186.jpg,D:\Self-Driving-Car Data\IMG\left_2023_09_28_15_24_40_186.jpg,D:\Self-Driving-Car Data\IMG\right_2023_09_28_15_24_40_186.jpg,0,1,0,30.18985
D:\Self-Driving-Car Data\IMG\center_2023_09_28_15_24_40_257.jpg,D:\Self-Driving-Car Data\IMG\left_2023_09_28_15_24_40_257.jpg,D:\Self-Driving-Car Data\IMG\right_2023_09_28_15_24_40_257.jpg,0,1,0,30.19025
D:\Self-Driving-Car Data\IMG\center_2023_09_28_15_24_40_330.jpg,D:\Self-Driving-Car Data\IMG\left_2023_09_28_15_24_40_330.jpg,D:\Self-Driving-Car Data\IMG\right_2023_09_28_15_24_40_330.jpg,0,1,0,30.19039
D:\Self-Driving-Car Data\IMG\center_2023_09_28_15_24_40_405.jpg,D:\Self-Driving-Car Data\IMG\left_2023_09_28_15_24_40_405.jpg,D:\Self-Driving-Car Data\IMG\right_2023_09_28_15_24_40_405.jpg,0,1,0,30.19039
D:\Self-Driving-Car Data\IMG\center_2023_09_28_15_24_40_478.jpg,D:\Self-Driving-Car Data\IMG\left_2023_09_28_15_24_40_478.jpg,D:\Self-Driving-Car Data\IMG\right_2023_09_28_15_24_40_478.jpg,0,1,0,30.19044
D:\Self-Driving-Car Data\IMG\center_2023_09_28_15_24_40_552.jpg,D:\Self-Driving-Car Data\IMG\left_2023_09_28_15_24_40_552.jpg,D:\Self-Driving-Car Data\IMG\right_2023_09_28_15_24_40_552.jpg,0,1,0,30.19042
D:\Self-Driving-Car Data\IMG\center_2023_09_28_15_24_40_626.jpg,D:\Self-Driving-Car Data\IMG\left_2023_09_28_15_24_40_626.jpg,D:\Self-Driving-Car Data\IMG\right_2023_09_28_15_24_40_626.jpg,-0.1,1,0,30.18802
D:\Self-Driving-Car Data\IMG\center_2023_09_28_15_24_40_699.jpg,D:\Self-Driving-Car Data\IMG\left_2023_09_28_15_24_40_699.jpg,D:\Self-Driving-Car Data\IMG\right_2023_09_28_15_24_40_699.jpg,0,1,0,30.18748
D:\Self-Driving-Car Data\IMG\center_2023_09_28_15_24_40_771.jpg,D:\Self-Driving-Car Data\IMG\left_2023_09_28_15_24_40_771.jpg,D:\Self-Driving-Car Data\IMG\right_2023_09_28_15_24_40_771.jpg,0,1,0,30.19027
D:\Self-Driving-Car Data\IMG\center_2023_09_28_15_24_40_846.jpg,D:\Self-Driving-Car Data\IMG\left_2023_09_28_15_24_40_846.jpg,D:\Self-Driving-Car Data\IMG\right_2023_09_28_15_24_40_846.jpg,0,1,0,30.19048
D:\Self-Driving-Car Data\IMG\center_2023_09_28_15_24_40_920.jpg,D:\Self-Driving-Car Data\IMG\left_2023_09_28_15_24_40_920.jpg,D:\Self-Driving-Car Data\IMG\right_2023_09_28_15_24_40_920.jpg,0,1,0,30.1905
D:\Self-Driving-Car Data\IMG\center_2023_09_28_15_24_40_993.jpg,D:\Self-Driving-Car Data\IMG\left_2023_09_28_15_24_40_993.jpg,D:\Self-Driving-Car Data\IMG\right_2023_09_28_15_24_40_993.jpg,0,1,0,30.19081
D:\Self-Driving-Car Data\IMG\center_2023_09_28_15_24_41_068.jpg,D:\Self-Driving-Car Data\IMG\left_2023_09_28_15_24_41_068.jpg,D:\Self-Driving-Car Data\IMG\right_2023_09_28_15_24_41_068.jpg,0,1,0,30.19025
D:\Self-Driving-Car Data\IMG\center_2023_09_28_15_24_41_141.jpg,D:\Self-Driving-Car Data\IMG\left_2023_09_28_15_24_41_141.jpg,D:\Self-Driving-Car Data\IMG\right_2023_09_28_15_24_41_141.jpg,0,1,0,30.19052
D:\Self-Driving-Car Data\IMG\center_2023_09_28_15_24_41_218.jpg,D:\Self-Driving-Car Data\IMG\left_2023_09_28_15_24_41_218.jpg,D:\Self-Driving-Car Data\IMG\right_2023_09_28_15_24_41_218.jpg,0,1,0,30.1912
D:\Self-Driving-Car Data\IMG\center_2023_09_28_15_24_41_292.jpg,D:\Self-Driving-Car Data\IMG\left_2023_09_28_15_24_41_292.jpg,D:\Self-Driving-Car Data\IMG\right_2023_09_28_15_24_41_292.jpg,0,1,0,30.19017
D:\Self-Driving-Car Data\IMG\center_2023_09_28_15_24_41_366.jpg,D:\Self-Driving-Car Data\IMG\left_2023_09_28_15_24_41_366.jpg,D:\Self-Driving-Car Data\IMG\right_2023_09_28_15_24_41_366.jpg,0,1,0,30.19035
D:\Self-Driving-Car Data\IMG\center_2023_09_28_15_24_41_440.jpg,D:\Self-Driving-Car Data\IMG\left_2023_09_28_15_24_41_440.jpg,D:\Self-Driving-Car Data\IMG\right_2023_09_28_15_24_41_440.jpg,0,1,0,30.19032
D:\Self-Driving-Car Data\IMG\center_2023_09_28_15_24_41_513.jpg,D:\Self-Driving-Car Data\IMG\left_2023_09_28_15_24_41_513.jpg,D:\Self-Driving-Car Data\IMG\right_2023_09_28_15_24_41_513.jpg,0,1,0,30.19028
D:\Self-Driving-Car Data\IMG\center_2023_09_28_15_24_41_589.jpg,D:\Self-Driving-Car Data\IMG\left_2023_09_28_15_24_41_589.jpg,D:\Self-Driving-Car Data\IMG\right_2023_09_28_15_24_41_589.jpg,0,1,0,30.19032
D:\Self-Driving-Car Data\IMG\center_2023_09_28_15_24_41_659.jpg,D:\Self-Driving-Car Data\IMG\left_2023_09_28_15_24_41_659.jpg,D:\Self-Driving-Car Data\IMG\right_2023_09_28_15_24_41_659.jpg,0,1,0,30.19029
D:\Self-Driving-Car Data\IMG\center_2023_09_28_15_24_41_734.jpg,D:\Self-Driving-Car Data\IMG\left_2023_09_28_15_24_41_734.jpg,D:\Self-Driving-Car Data\IMG\right_2023_09_28_15_24_41_734.jpg,0,1,0,30.19028
D:\Self-Driving-Car Data\IMG\center_2023_09_28_15_24_41_810.jpg,D:\Self-Driving-Car Data\IMG\left_2023_09_28_15_24_41_810.jpg,D:\Self-Driving-Car Data\IMG\right_2023_09_28_15_24_41_810.jpg,0,1,0,30.1903
D:\Self-Driving-Car Data\IMG\center_2023_09_28_15_24_41_883.jpg,D:\Self-Driving-Car Data\IMG\left_2023_09_28_15_24_41_883.jpg,D:\Self-Driving-Car Data\IMG\right_2023_09_28_15_24_41_883.jpg,0,1,0,30.19027
D:\Self-Driving-Car Data\IMG\center_2023_09_28_15_24_41_956.jpg,D:\Self-Driving-Car Data\IMG\left_2023_09_28_15_24_41_956.jpg,D:\Self-Driving-Car Data\IMG\right_2023_09_28_15_24_41_956.jpg,0,1,0,30.19029
D:\Self-Driving-Car Data\IMG\center_2023_09_28_15_24_42_031.jpg,D:\Self-Driving-Car Data\IMG\left_2023_09_28_15_24_42_031.jpg,D:\Self-Driving-Car Data\IMG\right_2023_09_28_15_24_42_031.jpg,0,1,0,30.19024
D:\Self-Driving-Car Data\IMG\center_2023_09_28_15_24_42_107.jpg,D:\Self-Driving-Car Data\IMG\left_2023_09_28_15_24_42_107.jpg,D:\Self-Driving-Car Data\IMG\right_2023_09_28_15_24_42_107.jpg,0,1,0,30.1903
D:\Self-Driving-Car Data\IMG\center_2023_09_28_15_24_42_180.jpg,D:\Self-Driving-Car Data\IMG\left_2023_09_28_15_24_42_180.jpg,D:\Self-Driving-Car Data\IMG\right_2023_09_28_15_24_42_180.jpg,0,1,0,30.19029
D:\Self-Driving-Car Data\IMG\center_2023_09_28_15_24_42_255.jpg,D:\Self-Driving-Car Data\IMG\left_2023_09_28_15_24_42_255.jpg,D:\Self-Driving-Car Data\IMG\right_2023_09_28_15_24_42_255.jpg,0,1,0,30.19031
D:\Self-Driving-Car Data\IMG\center_2023_09_28_15_24_42_327.jpg,D:\Self-Driving-Car Data\IMG\left_2023_09_28_15_24_42_327.jpg,D:\Self-Driving-Car Data\IMG\right_2023_09_28_15_24_42_327.jpg,0,1,0,30.19027
D:\Self-Driving-Car Data\IMG\center_2023_09_28_15_24_42_402.jpg,D:\Self-Driving-Car Data\IMG\left_2023_09_28_15_24_42_402.jpg,D:\Self-Driving-Car Data\IMG\right_2023_09_28_15_24_42_402.jpg,-0.05,1,0,30.18969
D:\Self-Driving-Car Data\IMG\center_2023_09_28_15_24_42_477.jpg,D:\Self-Driving-Car Data\IMG\left_2023_09_28_15_24_42_477.jpg,D:\Self-Driving-Car Data\IMG\right_2023_09_28_15_24_42_477.jpg,0,1,0,30.19027
D:\Self-Driving-Car Data\IMG\center_2023_09_28_15_24_42_552.jpg,D:\Self-Driving-Car Data\IMG\left_2023_09_28_15_24_42_552.jpg,D:\Self-Driving-Car Data\IMG\right_2023_09_28_15_24_42_552.jpg,0,1,0,30.19028
D:\Self-Driving-Car Data\IMG\center_2023_09_28_15_24_42_624.jpg,D:\Self-Driving-Car Data\IMG\left_2023_09_28_15_24_42_624.jpg,D:\Self-Driving-Car Data\IMG\right_2023_09_28_15_24_42_624.jpg,0,1,0,30.1905
D:\Self-Driving-Car Data\IMG\center_2023_09_28_15_24_42_698.jpg,D:\Self-Driving-Car Data\IMG\left_2023_09_28_15_24_42_698.jpg,D:\Self-Driving-Car Data\IMG\right_2023_09_28_15_24_42_698.jpg,0,1,0,30.19031
D:\Self-Driving-Car Data\IMG\center_2023_09_28_15_24_42_773.jpg,D:\Self-Driving-Car Data\IMG\left_2023_09_28_15_24_42_773.jpg,D:\Self-Driving-Car Data\IMG\right_2023_09_28_15_24_42_773.jpg,0,1,0,30.19011
D:\Self-Driving-Car Data\IMG\center_2023_09_28_15_24_42_850.jpg,D:\Self-Driving-Car Data\IMG\left_2023_09_28_15_24_42_850.jpg,D:\Self-Driving-Car Data\IMG\right_2023_09_28_15_24_42_850.jpg,-0.2,1,0,30.17988
D:\Self-Driving-Car Data\IMG\center_2023_09_28_15_24_42_925.jpg,D:\Self-Driving-Car Data\IMG\left_2023_09_28_15_24_42_925.jpg,D:\Self-Driving-Car Data\IMG\right_2023_09_28_15_24_42_925.jpg,-0.4,1,0,30.15795
D:\Self-Driving-Car Data\IMG\center_2023_09_28_15_24_43_000.jpg,D:\Self-Driving-Car Data\IMG\left_2023_09_28_15_24_43_000.jpg,D:\Self-Driving-Car Data\IMG\right_2023_09_28_15_24_43_000.jpg,-0.5500001,1,0,30.13968
D:\Self-Driving-Car Data\IMG\center_2023_09_28_15_24_43_076.jpg,D:\Self-Driving-Car Data\IMG\left_2023_09_28_15_24_43_076.jpg,D:\Self-Driving-Car Data\IMG\right_2023_09_28_15_24_43_076.jpg,0,1,0,30.16743
D:\Self-Driving-Car Data\IMG\center_2023_09_28_15_24_43_150.jpg,D:\Self-Driving-Car Data\IMG\left_2023_09_28_15_24_43_150.jpg,D:\Self-Driving-Car Data\IMG\right_2023_09_28_15_24_43_150.jpg,0,0.8477226,0,30.15671
D:\Self-Driving-Car Data\IMG\center_2023_09_28_15_24_43_234.jpg,D:\Self-Driving-Car Data\IMG\left_2023_09_28_15_24_43_234.jpg,D:\Self-Driving-Car Data\IMG\right_2023_09_28_15_24_43_234.jpg,0,0.5980047,0,30.09343
D:\Self-Driving-Car Data\IMG\center_2023_09_28_15_24_43_303.jpg,D:\Self-Driving-Car Data\IMG\left_2023_09_28_15_24_43_303.jpg,D:\Self-Driving-Car Data\IMG\right_2023_09_28_15_24_43_303.jpg,0,0.3882204,0,30.04604
D:\Self-Driving-Car Data\IMG\center_2023_09_28_15_24_43_372.jpg,D:\Self-Driving-Car Data\IMG\left_2023_09_28_15_24_43_372.jpg,D:\Self-Driving-Car Data\IMG\right_2023_09_28_15_24_43_372.jpg,0.15,0.1828128,0,29.98364
D:\Self-Driving-Car Data\IMG\center_2023_09_28_15_24_43_440.jpg,D:\Self-Driving-Car Data\IMG\left_2023_09_28_15_24_43_440.jpg,D:\Self-Driving-Car Data\IMG\right_2023_09_28_15_24_43_440.jpg,0.3,0.03107522,0,29.83687
D:\Self-Driving-Car Data\IMG\center_2023_09_28_15_24_43_511.jpg,D:\Self-Driving-Car Data\IMG\left_2023_09_28_15_24_43_511.jpg,D:\Self-Driving-Car Data\IMG\right_2023_09_28_15_24_43_511.jpg,0,0,0,29.4911
D:\Self-Driving-Car Data\IMG\center_2023_09_28_15_24_43_590.jpg,D:\Self-Driving-Car Data\IMG\left_2023_09_28_15_24_43_590.jpg,D:\Self-Driving-Car Data\IMG\right_2023_09_28_15_24_43_590.jpg,0,0,0,29.24475
D:\Self-Driving-Car Data\IMG\center_2023_09_28_15_24_43_663.jpg,D:\Self-Driving-Car Data\IMG\left_2023_09_28_15_24_43_663.jpg,D:\Self-Driving-Car Data\IMG\right_2023_09_28_15_24_43_663.jpg,0,0,0,29.00677
D:\Self-Driving-Car Data\IMG\center_2023_09_28_15_24_43_745.jpg,D:\Self-Driving-Car Data\IMG\left_2023_09_28_15_24_43_745.jpg,D:\Self-Driving-Car Data\IMG\right_2023_09_28_15_24_43_745.jpg,0,0,0,28.77276
D:\Self-Driving-Car Data\IMG\center_2023_09_28_15_24_43_828.jpg,D:\Self-Driving-Car Data\IMG\left_2023_09_28_15_24_43_828.jpg,D:\Self-Driving-Car Data\IMG\right_2023_09_28_15_24_43_828.jpg,0,0,0,28.5412
D:\Self-Driving-Car Data\IMG\center_2023_09_28_15_24_43_899.jpg,D:\Self-Driving-Car Data\IMG\left_2023_09_28_15_24_43_899.jpg,D:\Self-Driving-Car Data\IMG\right_2023_09_28_15_24_43_899.jpg,0,0,0,28.36886
D:\Self-Driving-Car Data\IMG\center_2023_09_28_15_24_43_967.jpg,D:\Self-Driving-Car Data\IMG\left_2023_09_28_15_24_43_967.jpg,D:\Self-Driving-Car Data\IMG\right_2023_09_28_15_24_43_967.jpg,0,0,0,28.14072
D:\Self-Driving-Car Data\IMG\center_2023_09_28_15_24_44_038.jpg,D:\Self-Driving-Car Data\IMG\left_2023_09_28_15_24_44_038.jpg,D:\Self-Driving-Car Data\IMG\right_2023_09_28_15_24_44_038.jpg,0,0,0,27.97084
D:\Self-Driving-Car Data\IMG\center_2023_09_28_15_24_44_112.jpg,D:\Self-Driving-Car Data\IMG\left_2023_09_28_15_24_44_112.jpg,D:\Self-Driving-Car Data\IMG\right_2023_09_28_15_24_44_112.jpg,0,0,0,27.74593
D:\Self-Driving-Car Data\IMG\center_2023_09_28_15_24_44_187.jpg,D:\Self-Driving-Car Data\IMG\left_2023_09_28_15_24_44_187.jpg,D:\Self-Driving-Car Data\IMG\right_2023_09_28_15_24_44_187.jpg,0,0,0,27.52282
D:\Self-Driving-Car Data\IMG\center_2023_09_28_15_24_44_265.jpg,D:\Self-Driving-Car Data\IMG\left_2023_09_28_15_24_44_265.jpg,D:\Self-Driving-Car Data\IMG\right_2023_09_28_15_24_44_265.jpg,0,0,0,27.30151
D:\Self-Driving-Car Data\IMG\center_2023_09_28_15_24_44_347.jpg,D:\Self-Driving-Car Data\IMG\left_2023_09_28_15_24_44_347.jpg,D:\Self-Driving-Car Data\IMG\right_2023_09_28_15_24_44_347.jpg,0,0,0,27.08198
D:\Self-Driving-Car Data\IMG\center_2023_09_28_15_24_44_417.jpg,D:\Self-Driving-Car Data\IMG\left_2023_09_28_15_24_44_417.jpg,D:\Self-Driving-Car Data\IMG\right_2023_09_28_15_24_44_417.jpg,0,0,0,26.9185
D:\Self-Driving-Car Data\IMG\center_2023_09_28_15_24_44_488.jpg,D:\Self-Driving-Car Data\IMG\left_2023_09_28_15_24_44_488.jpg,D:\Self-Driving-Car Data\IMG\right_2023_09_28_15_24_44_488.jpg,0,0,0,26.70205
D:\Self-Driving-Car Data\IMG\center_2023_09_28_15_24_44_556.jpg,D:\Self-Driving-Car Data\IMG\left_2023_09_28_15_24_44_556.jpg,D:\Self-Driving-Car Data\IMG\right_2023_09_28_15_24_44_556.jpg,0,0,0,26.54086
D:\Self-Driving-Car Data\IMG\center_2023_09_28_15_24_44_628.jpg,D:\Self-Driving-Car Data\IMG\left_2023_09_28_15_24_44_628.jpg,D:\Self-Driving-Car Data\IMG\right_2023_09_28_15_24_44_628.jpg,0,0,0,26.32745
D:\Self-Driving-Car Data\IMG\center_2023_09_28_15_24_44_700.jpg,D:\Self-Driving-Car Data\IMG\left_2023_09_28_15_24_44_700.jpg,D:\Self-Driving-Car Data\IMG\right_2023_09_28_15_24_44_700.jpg,0,0,0,26.16852
D:\Self-Driving-Car Data\IMG\center_2023_09_28_15_24_44_769.jpg,D:\Self-Driving-Car Data\IMG\left_2023_09_28_15_24_44_769.jpg,D:\Self-Driving-Car Data\IMG\right_2023_09_28_15_24_44_769.jpg,0,0,0,25.95811
D:\Self-Driving-Car Data\IMG\center_2023_09_28_15_24_44_840.jpg,D:\Self-Driving-Car Data\IMG\left_2023_09_28_15_24_44_840.jpg,D:\Self-Driving-Car Data\IMG\right_2023_09_28_15_24_44_840.jpg,0,0,0,25.8014
D:\Self-Driving-Car Data\IMG\center_2023_09_28_15_24_44_911.jpg,D:\Self-Driving-Car Data\IMG\left_2023_09_28_15_24_44_911.jpg,D:\Self-Driving-Car Data\IMG\right_2023_09_28_15_24_44_911.jpg,0,0,0,25.59398
D:\Self-Driving-Car Data\IMG\center_2023_09_28_15_24_44_982.jpg,D:\Self-Driving-Car Data\IMG\left_2023_09_28_15_24_44_982.jpg,D:\Self-Driving-Car Data\IMG\right_2023_09_28_15_24_44_982.jpg,0,0.1595484,0,25.43758
D:\Self-Driving-Car Data\IMG\center_2023_09_28_15_24_45_054.jpg,D:\Self-Driving-Car Data\IMG\left_2023_09_28_15_24_45_054.jpg,D:\Self-Driving-Car Data\IMG\right_2023_09_28_15_24_45_054.jpg,0,0.3742263,0,25.48295
D:\Self-Driving-Car Data\IMG\center_2023_09_28_15_24_45_124.jpg,D:\Self-Driving-Car Data\IMG\left_2023_09_28_15_24_45_124.jpg,D:\Self-Driving-Car Data\IMG\right_2023_09_28_15_24_45_124.jpg,0,0.5882538,0,25.73764
D:\Self-Driving-Car Data\IMG\center_2023_09_28_15_24_45_196.jpg,D:\Self-Driving-Car Data\IMG\left_2023_09_28_15_24_45_196.jpg,D:\Self-Driving-Car Data\IMG\right_2023_09_28_15_24_45_196.jpg,0,0.8020254,0,26.08571
D:\Self-Driving-Car Data\IMG\center_2023_09_28_15_24_45_267.jpg,D:\Self-Driving-Car Data\IMG\left_2023_09_28_15_24_45_267.jpg,D:\Self-Driving-Car Data\IMG\right_2023_09_28_15_24_45_267.jpg,0,1,0,26.74199
D:\Self-Driving-Car Data\IMG\center_2023_09_28_15_24_45_338.jpg,D:\Self-Driving-Car Data\IMG\left_2023_09_28_15_24_45_338.jpg,D:\Self-Driving-Car Data\IMG\right_2023_09_28_15_24_45_338.jpg,0,1,0,27.30824
D:\Self-Driving-Car Data\IMG\center_2023_09_28_15_24_45_411.jpg,D:\Self-Driving-Car Data\IMG\left_2023_09_28_15_24_45_411.jpg,D:\Self-Driving-Car Data\IMG\right_2023_09_28_15_24_45_411.jpg,-0.2,1,0,28.03709
D:\Self-Driving-Car Data\IMG\center_2023_09_28_15_24_45_480.jpg,D:\Self-Driving-Car Data\IMG\left_2023_09_28_15_24_45_480.jpg,D:\Self-Driving-Car Data\IMG\right_2023_09_28_15_24_45_480.jpg,0,1,0,28.57681
D:\Self-Driving-Car Data\IMG\center_2023_09_28_15_24_45_553.jpg,D:\Self-Driving-Car Data\IMG\left_2023_09_28_15_24_45_553.jpg,D:\Self-Driving-Car Data\IMG\right_2023_09_28_15_24_45_553.jpg,0,1,0,29.31247
D:\Self-Driving-Car Data\IMG\center_2023_09_28_15_24_45_627.jpg,D:\Self-Driving-Car Data\IMG\left_2023_09_28_15_24_45_627.jpg,D:\Self-Driving-Car Data\IMG\right_2023_09_28_15_24_45_627.jpg,0,1,0,30.04367
D:\Self-Driving-Car Data\IMG\center_2023_09_28_15_24_45_697.jpg,D:\Self-Driving-Car Data\IMG\left_2023_09_28_15_24_45_697.jpg,D:\Self-Driving-Car Data\IMG\right_2023_09_28_15_24_45_697.jpg,0,1,0,30.18987
D:\Self-Driving-Car Data\IMG\center_2023_09_28_15_24_45_770.jpg,D:\Self-Driving-Car Data\IMG\left_2023_09_28_15_24_45_770.jpg,D:\Self-Driving-Car Data\IMG\right_2023_09_28_15_24_45_770.jpg,0,1,0,30.19024
D:\Self-Driving-Car Data\IMG\center_2023_09_28_15_24_45_840.jpg,D:\Self-Driving-Car Data\IMG\left_2023_09_28_15_24_45_840.jpg,D:\Self-Driving-Car Data\IMG\right_2023_09_28_15_24_45_840.jpg,0,1,0,30.19028
D:\Self-Driving-Car Data\IMG\center_2023_09_28_15_24_45_912.jpg,D:\Self-Driving-Car Data\IMG\left_2023_09_28_15_24_45_912.jpg,D:\Self-Driving-Car Data\IMG\right_2023_09_28_15_24_45_912.jpg,-0.2,1,0,30.18006
D:\Self-Driving-Car Data\IMG\center_2023_09_28_15_24_45_981.jpg,D:\Self-Driving-Car Data\IMG\left_2023_09_28_15_24_45_981.jpg,D:\Self-Driving-Car Data\IMG\right_2023_09_28_15_24_45_981.jpg,-0.4,1,0,30.15771
D:\Self-Driving-Car Data\IMG\center_2023_09_28_15_24_46_052.jpg,D:\Self-Driving-Car Data\IMG\left_2023_09_28_15_24_46_052.jpg,D:\Self-Driving-Car Data\IMG\right_2023_09_28_15_24_46_052.jpg,0,1,0,30.17722
D:\Self-Driving-Car Data\IMG\center_2023_09_28_15_24_46_124.jpg,D:\Self-Driving-Car Data\IMG\left_2023_09_28_15_24_46_124.jpg,D:\Self-Driving-Car Data\IMG\right_2023_09_28_15_24_46_124.jpg,0,1,0,30.18847
D:\Self-Driving-Car Data\IMG\center_2023_09_28_15_24_46_190.jpg,D:\Self-Driving-Car Data\IMG\left_2023_09_28_15_24_46_190.jpg,D:\Self-Driving-Car Data\IMG\right_2023_09_28_15_24_46_190.jpg,0,1,0,30.18972
D:\Self-Driving-Car Data\IMG\center_2023_09_28_15_24_46_259.jpg,D:\Self-Driving-Car Data\IMG\left_2023_09_28_15_24_46_259.jpg,D:\Self-Driving-Car Data\IMG\right_2023_09_28_15_24_46_259.jpg,0,1,0,30.19015
D:\Self-Driving-Car Data\IMG\center_2023_09_28_15_24_46_327.jpg,D:\Self-Driving-Car Data\IMG\left_2023_09_28_15_24_46_327.jpg,D:\Self-Driving-Car Data\IMG\right_2023_09_28_15_24_46_327.jpg,0,1,0,30.19057
D:\Self-Driving-Car Data\IMG\center_2023_09_28_15_24_46_394.jpg,D:\Self-Driving-Car Data\IMG\left_2023_09_28_15_24_46_394.jpg,D:\Self-Driving-Car Data\IMG\right_2023_09_28_15_24_46_394.jpg,0,1,0,30.19028
D:\Self-Driving-Car Data\IMG\center_2023_09_28_15_24_46_477.jpg,D:\Self-Driving-Car Data\IMG\left_2023_09_28_15_24_46_477.jpg,D:\Self-Driving-Car Data\IMG\right_2023_09_28_15_24_46_477.jpg,0,1,0,30.19029
D:\Self-Driving-Car Data\IMG\center_2023_09_28_15_24_46_544.jpg,D:\Self-Driving-Car Data\IMG\left_2023_09_28_15_24_46_544.jpg,D:\Self-Driving-Car Data\IMG\right_2023_09_28_15_24_46_544.jpg,0,1,0,30.19027
D:\Self-Driving-Car Data\IMG\center_2023_09_28_15_24_46_611.jpg,D:\Self-Driving-Car Data\IMG\left_2023_09_28_15_24_46_611.jpg,D:\Self-Driving-Car Data\IMG\right_2023_09_28_15_24_46_611.jpg,0,1,0,30.19023
D:\Self-Driving-Car Data\IMG\center_2023_09_28_15_24_46_693.jpg,D:\Self-Driving-Car Data\IMG\left_2023_09_28_15_24_46_693.jpg,D:\Self-Driving-Car Data\IMG\right_2023_09_28_15_24_46_693.jpg,0,1,0,30.19029
D:\Self-Driving-Car Data\IMG\center_2023_09_28_15_24_46_775.jpg,D:\Self-Driving-Car Data\IMG\left_2023_09_28_15_24_46_775.jpg,D:\Self-Driving-Car Data\IMG\right_2023_09_28_15_24_46_775.jpg,-0.05,1,0,30.1897
D:\Self-Driving-Car Data\IMG\center_2023_09_28_15_24_46_857.jpg,D:\Self-Driving-Car Data\IMG\left_2023_09_28_15_24_46_857.jpg,D:\Self-Driving-Car Data\IMG\right_2023_09_28_15_24_46_857.jpg,-0.25,1,0,30.17471
D:\Self-Driving-Car Data\IMG\center_2023_09_28_15_24_46_940.jpg,D:\Self-Driving-Car Data\IMG\left_2023_09_28_15_24_46_940.jpg,D:\Self-Driving-Car Data\IMG\right_2023_09_28_15_24_46_940.jpg,0,1,0,30.18888
D:\Self-Driving-Car Data\IMG\center_2023_09_28_15_24_47_020.jpg,D:\Self-Driving-Car Data\IMG\left_2023_09_28_15_24_47_020.jpg,D:\Self-Driving-Car Data\IMG\right_2023_09_28_15_24_47_020.jpg,0,1,0,30.19012
D:\Self-Driving-Car Data\IMG\center_2023_09_28_15_24_47_101.jpg,D:\Self-Driving-Car Data\IMG\left_2023_09_28_15_24_47_101.jpg,D:\Self-Driving-Car Data\IMG\right_2023_09_28_15_24_47_101.jpg,0,1,0,30.19025
D:\Self-Driving-Car Data\IMG\center_2023_09_28_15_24_47_181.jpg,D:\Self-Driving-Car Data\IMG\left_2023_09_28_15_24_47_181.jpg,D:\Self-Driving-Car Data\IMG\right_2023_09_28_15_24_47_181.jpg,0,1,0,30.19067
D:\Self-Driving-Car Data\IMG\center_2023_09_28_15_24_47_262.jpg,D:\Self-Driving-Car Data\IMG\left_2023_09_28_15_24_47_262.jpg,D:\Self-Driving-Car Data\IMG\right_2023_09_28_15_24_47_262.jpg,0,1,0,30.1903
D:\Self-Driving-Car Data\IMG\center_2023_09_28_15_24_47_344.jpg,D:\Self-Driving-Car Data\IMG\left_2023_09_28_15_24_47_344.jpg,D:\Self-Driving-Car Data\IMG\right_2023_09_28_15_24_47_344.jpg,-0.1,1,0,30.18764
D:\Self-Driving-Car Data\IMG\center_2023_09_28_15_24_47_424.jpg,D:\Self-Driving-Car Data\IMG\left_2023_09_28_15_24_47_424.jpg,D:\Self-Driving-Car Data\IMG\right_2023_09_28_15_24_47_424.jpg,-0.3,1,0,30.16939
D:\Self-Driving-Car Data\IMG\center_2023_09_28_15_24_47_506.jpg,D:\Self-Driving-Car Data\IMG\left_2023_09_28_15_24_47_506.jpg,D:\Self-Driving-Car Data\IMG\right_2023_09_28_15_24_47_506.jpg,0,1,0,30.18988
D:\Self-Driving-Car Data\IMG\center_2023_09_28_15_24_47_589.jpg,D:\Self-Driving-Car Data\IMG\left_2023_09_28_15_24_47_589.jpg,D:\Self-Driving-Car Data\IMG\right_2023_09_28_15_24_47_589.jpg,0,1,0,30.19013
D:\Self-Driving-Car Data\IMG\center_2023_09_28_15_24_47_669.jpg,D:\Self-Driving-Car Data\IMG\left_2023_09_28_15_24_47_669.jpg,D:\Self-Driving-Car Data\IMG\right_2023_09_28_15_24_47_669.jpg,0,1,0,30.19029
D:\Self-Driving-Car Data\IMG\center_2023_09_28_15_24_47_748.jpg,D:\Self-Driving-Car Data\IMG\left_2023_09_28_15_24_47_748.jpg,D:\Self-Driving-Car Data\IMG\right_2023_09_28_15_24_47_748.jpg,0,1,0,30.19026
D:\Self-Driving-Car Data\IMG\center_2023_09_28_15_24_47_826.jpg,D:\Self-Driving-Car Data\IMG\left_2023_09_28_15_24_47_826.jpg,D:\Self-Driving-Car Data\IMG\right_2023_09_28_15_24_47_826.jpg,0,1,0,30.19033
D:\Self-Driving-Car Data\IMG\center_2023_09_28_15_24_47_906.jpg,D:\Self-Driving-Car Data\IMG\left_2023_09_28_15_24_47_906.jpg,D:\Self-Driving-Car Data\IMG\right_2023_09_28_15_24_47_906.jpg,0,1,0,30.19034
D:\Self-Driving-Car Data\IMG\center_2023_09_28_15_24_47_983.jpg,D:\Self-Driving-Car Data\IMG\left_2023_09_28_15_24_47_983.jpg,D:\Self-Driving-Car Data\IMG\right_2023_09_28_15_24_47_983.jpg,-0.15,1,0,30.18432
D:\Self-Driving-Car Data\IMG\center_2023_09_28_15_24_48_061.jpg,D:\Self-Driving-Car Data\IMG\left_2023_09_28_15_24_48_061.jpg,D:\Self-Driving-Car Data\IMG\right_2023_09_28_15_24_48_061.jpg,-0.3,1,0,30.16931
D:\Self-Driving-Car Data\IMG\center_2023_09_28_15_24_48_142.jpg,D:\Self-Driving-Car Data\IMG\left_2023_09_28_15_24_48_142.jpg,D:\Self-Driving-Car Data\IMG\right_2023_09_28_15_24_48_142.jpg,0,1,0,30.19002
D:\Self-Driving-Car Data\IMG\center_2023_09_28_15_24_48_221.jpg,D:\Self-Driving-Car Data\IMG\left_2023_09_28_15_24_48_221.jpg,D:\Self-Driving-Car Data\IMG\right_2023_09_28_15_24_48_221.jpg,0,1,0,30.19016
D:\Self-Driving-Car Data\IMG\center_2023_09_28_15_24_48_299.jpg,D:\Self-Driving-Car Data\IMG\left_2023_09_28_15_24_48_299.jpg,D:\Self-Driving-Car Data\IMG\right_2023_09_28_15_24_48_299.jpg,0,1,0,30.19027
D:\Self-Driving-Car Data\IMG\center_2023_09_28_15_24_48_376.jpg,D:\Self-Driving-Car Data\IMG\left_2023_09_28_15_24_48_376.jpg,D:\Self-Driving-Car Data\IMG\right_2023_09_28_15_24_48_376.jpg,0,1,0,30.19026
D:\Self-Driving-Car Data\IMG\center_2023_09_28_15_24_48_457.jpg,D:\Self-Driving-Car Data\IMG\left_2023_09_28_15_24_48_457.jpg,D:\Self-Driving-Car Data\IMG\right_2023_09_28_15_24_48_457.jpg,0,1,0,30.1903
D:\Self-Driving-Car Data\IMG\center_2023_09_28_15_24_48_531.jpg,D:\Self-Driving-Car Data\IMG\left_2023_09_28_15_24_48_531.jpg,D:\Self-Driving-Car Data\IMG\right_2023_09_28_15_24_48_531.jpg,-0.2,1,0,30.1801
D:\Self-Driving-Car Data\IMG\center_2023_09_28_15_24_48_609.jpg,D:\Self-Driving-Car Data\IMG\left_2023_09_28_15_24_48_609.jpg,D:\Self-Driving-Car Data\IMG\right_2023_09_28_15_24_48_609.jpg,-0.4,1,0,30.15769
D:\Self-Driving-Car Data\IMG\center_2023_09_28_15_24_48_684.jpg,D:\Self-Driving-Car Data\IMG\left_2023_09_28_15_24_48_684.jpg,D:\Self-Driving-Car Data\IMG\right_2023_09_28_15_24_48_684.jpg,-0.6000001,1,0,30.13331
D:\Self-Driving-Car Data\IMG\center_2023_09_28_15_24_48_759.jpg,D:\Self-Driving-Car Data\IMG\left_2023_09_28_15_24_48_759.jpg,D:\Self-Driving-Car Data\IMG\right_2023_09_28_15_24_48_759.jpg,0,1,0,30.18283
D:\Self-Driving-Car Data\IMG\center_2023_09_28_15_24_48_834.jpg,D:\Self-Driving-Car Data\IMG\left_2023_09_28_15_24_48_834.jpg,D:\Self-Driving-Car Data\IMG\right_2023_09_28_15_24_48_834.jpg,0,1,0,30.18888
D:\Self-Driving-Car Data\IMG\center_2023_09_28_15_24_48_907.jpg,D:\Self-Driving-Car Data\IMG\left_2023_09_28_15_24_48_907.jpg,D:\Self-Driving-Car Data\IMG\right_2023_09_28_15_24_48_907.jpg,0,1,0,30.19011
D:\Self-Driving-Car Data\IMG\center_2023_09_28_15_24_48_979.jpg,D:\Self-Driving-Car Data\IMG\left_2023_09_28_15_24_48_979.jpg,D:\Self-Driving-Car Data\IMG\right_2023_09_28_15_24_48_979.jpg,0,1,0,30.19024
D:\Self-Driving-Car Data\IMG\center_2023_09_28_15_24_49_052.jpg,D:\Self-Driving-Car Data\IMG\left_2023_09_28_15_24_49_052.jpg,D:\Self-Driving-Car Data\IMG\right_2023_09_28_15_24_49_052.jpg,0,1,0,30.18927
D:\Self-Driving-Car Data\IMG\center_2023_09_28_15_24_49_124.jpg,D:\Self-Driving-Car Data\IMG\left_2023_09_28_15_24_49_124.jpg,D:\Self-Driving-Car Data\IMG\right_2023_09_28_15_24_49_124.jpg,0,1,0,30.19028
D:\Self-Driving-Car Data\IMG\center_2023_09_28_15_24_49_197.jpg,D:\Self-Driving-Car Data\IMG\left_2023_09_28_15_24_49_197.jpg,D:\Self-Driving-Car Data\IMG\right_2023_09_28_15_24_49_197.jpg,0,1,0,30.19034
D:\Self-Driving-Car Data\IMG\center_2023_09_28_15_24_49_267.jpg,D:\Self-Driving-Car Data\IMG\left_2023_09_28_15_24_49_267.jpg,D:\Self-Driving-Car Data\IMG\right_2023_09_28_15_24_49_267.jpg,0,1,0,30.19037
D:\Self-Driving-Car Data\IMG\center_2023_09_28_15_24_49_338.jpg,D:\Self-Driving-Car Data\IMG\left_2023_09_28_15_24_49_338.jpg,D:\Self-Driving-Car Data\IMG\right_2023_09_28_15_24_49_338.jpg,0,1,0,30.19027
D:\Self-Driving-Car Data\IMG\center_2023_09_28_15_24_49_410.jpg,D:\Self-Driving-Car Data\IMG\left_2023_09_28_15_24_49_410.jpg,D:\Self-Driving-Car Data\IMG\right_2023_09_28_15_24_49_410.jpg,0,1,0,30.19025
D:\Self-Driving-Car Data\IMG\center_2023_09_28_15_24_49_478.jpg,D:\Self-Driving-Car Data\IMG\left_2023_09_28_15_24_49_478.jpg,D:\Self-Driving-Car Data\IMG\right_2023_09_28_15_24_49_478.jpg,0,1,0,30.19023
D:\Self-Driving-Car Data\IMG\center_2023_09_28_15_24_49_549.jpg,D:\Self-Driving-Car Data\IMG\left_2023_09_28_15_24_49_549.jpg,D:\Self-Driving-Car Data\IMG\right_2023_09_28_15_24_49_549.jpg,0,1,0,30.19019
D:\Self-Driving-Car Data\IMG\center_2023_09_28_15_24_49_619.jpg,D:\Self-Driving-Car Data\IMG\left_2023_09_28_15_24_49_619.jpg,D:\Self-Driving-Car Data\IMG\right_2023_09_28_15_24_49_619.jpg,0,1,0,30.19024
D:\Self-Driving-Car Data\IMG\center_2023_09_28_15_24_49_691.jpg,D:\Self-Driving-Car Data\IMG\left_2023_09_28_15_24_49_691.jpg,D:\Self-Driving-Car Data\IMG\right_2023_09_28_15_24_49_691.jpg,0,1,0,30.19023
D:\Self-Driving-Car Data\IMG\center_2023_09_28_15_24_49_759.jpg,D:\Self-Driving-Car Data\IMG\left_2023_09_28_15_24_49_759.jpg,D:\Self-Driving-Car Data\IMG\right_2023_09_28_15_24_49_759.jpg,0,1,0,30.19021
D:\Self-Driving-Car Data\IMG\center_2023_09_28_15_24_49_829.jpg,D:\Self-Driving-Car Data\IMG\left_2023_09_28_15_24_49_829.jpg,D:\Self-Driving-Car Data\IMG\right_2023_09_28_15_24_49_829.jpg,-0.2,1,0,30.17932
D:\Self-Driving-Car Data\IMG\center_2023_09_28_15_24_49_898.jpg,D:\Self-Driving-Car Data\IMG\left_2023_09_28_15_24_49_898.jpg,D:\Self-Driving-Car Data\IMG\right_2023_09_28_15_24_49_898.jpg,0,1,0,30.18551
D:\Self-Driving-Car Data\IMG\center_2023_09_28_15_24_49_969.jpg,D:\Self-Driving-Car Data\IMG\left_2023_09_28_15_24_49_969.jpg,D:\Self-Driving-Car Data\IMG\right_2023_09_28_15_24_49_969.jpg,0,1,0,30.19013
D:\Self-Driving-Car Data\IMG\center_2023_09_28_15_24_50_040.jpg,D:\Self-Driving-Car Data\IMG\left_2023_09_28_15_24_50_040.jpg,D:\Self-Driving-Car Data\IMG\right_2023_09_28_15_24_50_040.jpg,0,1,0,30.19026
D:\Self-Driving-Car Data\IMG\center_2023_09_28_15_24_50_109.jpg,D:\Self-Driving-Car Data\IMG\left_2023_09_28_15_24_50_109.jpg,D:\Self-Driving-Car Data\IMG\right_2023_09_28_15_24_50_109.jpg,0,1,0,30.19127
D:\Self-Driving-Car Data\IMG\center_2023_09_28_15_24_50_179.jpg,D:\Self-Driving-Car Data\IMG\left_2023_09_28_15_24_50_179.jpg,D:\Self-Driving-Car Data\IMG\right_2023_09_28_15_24_50_179.jpg,-0.15,1,0,30.18532
D:\Self-Driving-Car Data\IMG\center_2023_09_28_15_24_50_247.jpg,D:\Self-Driving-Car Data\IMG\left_2023_09_28_15_24_50_247.jpg,D:\Self-Driving-Car Data\IMG\right_2023_09_28_15_24_50_247.jpg,-0.35,1,0,30.16394
D:\Self-Driving-Car Data\IMG\center_2023_09_28_15_24_50_316.jpg,D:\Self-Driving-Car Data\IMG\left_2023_09_28_15_24_50_316.jpg,D:\Self-Driving-Car Data\IMG\right_2023_09_28_15_24_50_316.jpg,-0.5000001,1,0,30.14563
D:\Self-Driving-Car Data\IMG\center_2023_09_28_15_24_50_383.jpg,D:\Self-Driving-Car Data\IMG\left_2023_09_28_15_24_50_383.jpg,D:\Self-Driving-Car Data\IMG\right_2023_09_28_15_24_50_383.jpg,0,1,0,30.18423
D:\Self-Driving-Car Data\IMG\center_2023_09_28_15_24_50_451.jpg,D:\Self-Driving-Car Data\IMG\left_2023_09_28_15_24_50_451.jpg,D:\Self-Driving-Car Data\IMG\right_2023_09_28_15_24_50_451.jpg,0,1,0,30.18841
D:\Self-Driving-Car Data\IMG\center_2023_09_28_15_24_50_529.jpg,D:\Self-Driving-Car Data\IMG\left_2023_09_28_15_24_50_529.jpg,D:\Self-Driving-Car Data\IMG\right_2023_09_28_15_24_50_529.jpg,0,1,0,30.18973
D:\Self-Driving-Car Data\IMG\center_2023_09_28_15_24_50_611.jpg,D:\Self-Driving-Car Data\IMG\left_2023_09_28_15_24_50_611.jpg,D:\Self-Driving-Car Data\IMG\right_2023_09_28_15_24_50_611.jpg,0,1,0,30.18995
D:\Self-Driving-Car Data\IMG\center_2023_09_28_15_24_50_689.jpg,D:\Self-Driving-Car Data\IMG\left_2023_09_28_15_24_50_689.jpg,D:\Self-Driving-Car Data\IMG\right_2023_09_28_15_24_50_689.jpg,0,1,0,30.19049
D:\Self-Driving-Car Data\IMG\center_2023_09_28_15_24_50_765.jpg,D:\Self-Driving-Car Data\IMG\left_2023_09_28_15_24_50_765.jpg,D:\Self-Driving-Car Data\IMG\right_2023_09_28_15_24_50_765.jpg,0,1,0,30.19037
D:\Self-Driving-Car Data\IMG\center_2023_09_28_15_24_50_843.jpg,D:\Self-Driving-Car Data\IMG\left_2023_09_28_15_24_50_843.jpg,D:\Self-Driving-Car Data\IMG\right_2023_09_28_15_24_50_843.jpg,0,1,0,30.18994
D:\Self-Driving-Car Data\IMG\center_2023_09_28_15_24_50_923.jpg,D:\Self-Driving-Car Data\IMG\left_2023_09_28_15_24_50_923.jpg,D:\Self-Driving-Car Data\IMG\right_2023_09_28_15_24_50_923.jpg,0,1,0,30.19087
D:\Self-Driving-Car Data\IMG\center_2023_09_28_15_24_50_994.jpg,D:\Self-Driving-Car Data\IMG\left_2023_09_28_15_24_50_994.jpg,D:\Self-Driving-Car Data\IMG\right_2023_09_28_15_24_50_994.jpg,-0.05,1,0,30.18987
D:\Self-Driving-Car Data\IMG\center_2023_09_28_15_24_51_072.jpg,D:\Self-Driving-Car Data\IMG\left_2023_09_28_15_24_51_072.jpg,D:\Self-Driving-Car Data\IMG\right_2023_09_28_15_24_51_072.jpg,-0.25,1,0,30.17444
D:\Self-Driving-Car Data\IMG\center_2023_09_28_15_24_51_150.jpg,D:\Self-Driving-Car Data\IMG\left_2023_09_28_15_24_51_150.jpg,D:\Self-Driving-Car Data\IMG\right_2023_09_28_15_24_51_150.jpg,-0.45,1,0,30.15085
D:\Self-Driving-Car Data\IMG\center_2023_09_28_15_24_51_223.jpg,D:\Self-Driving-Car Data\IMG\left_2023_09_28_15_24_51_223.jpg,D:\Self-Driving-Car Data\IMG\right_2023_09_28_15_24_51_223.jpg,-0.6500001,1,0,30.12609
D:\Self-Driving-Car Data\IMG\center_2023_09_28_15_24_51_293.jpg,D:\Self-Driving-Car Data\IMG\left_2023_09_28_15_24_51_293.jpg,D:\Self-Driving-Car Data\IMG\right_2023_09_28_15_24_51_293.jpg,0,1,0,30.18116
D:\Self-Driving-Car Data\IMG\center_2023_09_28_15_24_51_365.jpg,D:\Self-Driving-Car Data\IMG\left_2023_09_28_15_24_51_365.jpg,D:\Self-Driving-Car Data\IMG\right_2023_09_28_15_24_51_365.jpg,0,1,0,30.18818
D:\Self-Driving-Car Data\IMG\center_2023_09_28_15_24_51_436.jpg,D:\Self-Driving-Car Data\IMG\left_2023_09_28_15_24_51_436.jpg,D:\Self-Driving-Car Data\IMG\right_2023_09_28_15_24_51_436.jpg,0,1,0,30.18965
D:\Self-Driving-Car Data\IMG\center_2023_09_28_15_24_51_503.jpg,D:\Self-Driving-Car Data\IMG\left_2023_09_28_15_24_51_503.jpg,D:\Self-Driving-Car Data\IMG\right_2023_09_28_15_24_51_503.jpg,0,1,0,30.19016
D:\Self-Driving-Car Data\IMG\center_2023_09_28_15_24_51_572.jpg,D:\Self-Driving-Car Data\IMG\left_2023_09_28_15_24_51_572.jpg,D:\Self-Driving-Car Data\IMG\right_2023_09_28_15_24_51_572.jpg,0,1,0,30.19009
D:\Self-Driving-Car Data\IMG\center_2023_09_28_15_24_51_648.jpg,D:\Self-Driving-Car Data\IMG\left_2023_09_28_15_24_51_648.jpg,D:\Self-Driving-Car Data\IMG\right_2023_09_28_15_24_51_648.jpg,0,1,0,30.19083
D:\Self-Driving-Car Data\IMG\center_2023_09_28_15_24_51_723.jpg,D:\Self-Driving-Car Data\IMG\left_2023_09_28_15_24_51_723.jpg,D:\Self-Driving-Car Data\IMG\right_2023_09_28_15_24_51_723.jpg,0,1,0,30.19035
D:\Self-Driving-Car Data\IMG\center_2023_09_28_15_24_51_793.jpg,D:\Self-Driving-Car Data\IMG\left_2023_09_28_15_24_51_793.jpg,D:\Self-Driving-Car Data\IMG\right_2023_09_28_15_24_51_793.jpg,0,1,0,30.19028
D:\Self-Driving-Car Data\IMG\center_2023_09_28_15_24_51_866.jpg,D:\Self-Driving-Car Data\IMG\left_2023_09_28_15_24_51_866.jpg,D:\Self-Driving-Car Data\IMG\right_2023_09_28_15_24_51_866.jpg,0,1,0,30.19023
D:\Self-Driving-Car Data\IMG\center_2023_09_28_15_24_51_933.jpg,D:\Self-Driving-Car Data\IMG\left_2023_09_28_15_24_51_933.jpg,D:\Self-Driving-Car Data\IMG\right_2023_09_28_15_24_51_933.jpg,0,1,0,30.19023
D:\Self-Driving-Car Data\IMG\center_2023_09_28_15_24_52_014.jpg,D:\Self-Driving-Car Data\IMG\left_2023_09_28_15_24_52_014.jpg,D:\Self-Driving-Car Data\IMG\right_2023_09_28_15_24_52_014.jpg,0,1,0,30.19023
D:\Self-Driving-Car Data\IMG\center_2023_09_28_15_24_52_083.jpg,D:\Self-Driving-Car Data\IMG\left_2023_09_28_15_24_52_083.jpg,D:\Self-Driving-Car Data\IMG\right_2023_09_28_15_24_52_083.jpg,0,1,0,30.19094
D:\Self-Driving-Car Data\IMG\center_2023_09_28_15_24_52_152.jpg,D:\Self-Driving-Car Data\IMG\left_2023_09_28_15_24_52_152.jpg,D:\Self-Driving-Car Data\IMG\right_2023_09_28_15_24_52_152.jpg,0,1,0,30.19083
D:\Self-Driving-Car Data\IMG\center_2023_09_28_15_24_52_222.jpg,D:\Self-Driving-Car Data\IMG\left_2023_09_28_15_24_52_222.jpg,D:\Self-Driving-Car Data\IMG\right_2023_09_28_15_24_52_222.jpg,-0.15,1,0,30.18425
D:\Self-Driving-Car Data\IMG\center_2023_09_28_15_24_52_290.jpg,D:\Self-Driving-Car Data\IMG\left_2023_09_28_15_24_52_290.jpg,D:\Self-Driving-Car Data\IMG\right_2023_09_28_15_24_52_290.jpg,-0.35,1,0,30.16078
D:\Self-Driving-Car Data\IMG\center_2023_09_28_15_24_52_367.jpg,D:\Self-Driving-Car Data\IMG\left_2023_09_28_15_24_52_367.jpg,D:\Self-Driving-Car Data\IMG\right_2023_09_28_15_24_52_367.jpg,-0.5500001,1,0,30.13905
D:\Self-Driving-Car Data\IMG\center_2023_09_28_15_24_52_445.jpg,D:\Self-Driving-Car Data\IMG\left_2023_09_28_15_24_52_445.jpg,D:\Self-Driving-Car Data\IMG\right_2023_09_28_15_24_52_445.jpg,0,1,0,30.17813
D:\Self-Driving-Car Data\IMG\center_2023_09_28_15_24_52_523.jpg,D:\Self-Driving-Car Data\IMG\left_2023_09_28_15_24_52_523.jpg,D:\Self-Driving-Car Data\IMG\right_2023_09_28_15_24_52_523.jpg,0,0.9224098,0,30.17488
D:\Self-Driving-Car Data\IMG\center_2023_09_28_15_24_52_594.jpg,D:\Self-Driving-Car Data\IMG\left_2023_09_28_15_24_52_594.jpg,D:\Self-Driving-Car Data\IMG\right_2023_09_28_15_24_52_594.jpg,0,0.7430184,0,30.12986
D:\Self-Driving-Car Data\IMG\center_2023_09_28_15_24_52_666.jpg,D:\Self-Driving-Car Data\IMG\left_2023_09_28_15_24_52_666.jpg,D:\Self-Driving-Car Data\IMG\right_2023_09_28_15_24_52_666.jpg,0,0.4953208,0,30.07876
D:\Self-Driving-Car Data\IMG\center_2023_09_28_15_24_52_737.jpg,D:\Self-Driving-Car Data\IMG\left_2023_09_28_15_24_52_737.jpg,D:\Self-Driving-Car Data\IMG\right_2023_09_28_15_24_52_737.jpg,0,0.3156922,0,30.03267
D:\Self-Driving-Car Data\IMG\center_2023_09_28_15_24_52_808.jpg,D:\Self-Driving-Car Data\IMG\left_2023_09_28_15_24_52_808.jpg,D:\Self-Driving-Car Data\IMG\right_2023_09_28_15_24_52_808.jpg,0,0.06776648,0,29.94488
D:\Self-Driving-Car Data\IMG\center_2023_09_28_15_24_52_883.jpg,D:\Self-Driving-Car Data\IMG\left_2023_09_28_15_24_52_883.jpg,D:\Self-Driving-Car Data\IMG\right_2023_09_28_15_24_52_883.jpg,-0.2,0,0,29.69483
D:\Self-Driving-Car Data\IMG\center_2023_09_28_15_24_52_959.jpg,D:\Self-Driving-Car Data\IMG\left_2023_09_28_15_24_52_959.jpg,D:\Self-Driving-Car Data\IMG\right_2023_09_28_15_24_52_959.jpg,-0.35,0,0,29.45546
D:\Self-Driving-Car Data\IMG\center_2023_09_28_15_24_53_037.jpg,D:\Self-Driving-Car Data\IMG\left_2023_09_28_15_24_53_037.jpg,D:\Self-Driving-Car Data\IMG\right_2023_09_28_15_24_53_037.jpg,-0.5500001,0,0,29.05891
D:\Self-Driving-Car Data\IMG\center_2023_09_28_15_24_53_111.jpg,D:\Self-Driving-Car Data\IMG\left_2023_09_28_15_24_53_111.jpg,D:\Self-Driving-Car Data\IMG\right_2023_09_28_15_24_53_111.jpg,-0.7500002,0.1456347,0,28.60029
D:\Self-Driving-Car Data\IMG\center_2023_09_28_15_24_53_179.jpg,D:\Self-Driving-Car Data\IMG\left_2023_09_28_15_24_53_179.jpg,D:\Self-Driving-Car Data\IMG\right_2023_09_28_15_24_53_179.jpg,-0.9000002,0.3197931,0,28.34184
D:\Self-Driving-Car Data\IMG\center_2023_09_28_15_24_53_250.jpg,D:\Self-Driving-Car Data\IMG\left_2023_09_28_15_24_53_250.jpg,D:\Self-Driving-Car Data\IMG\right_2023_09_28_15_24_53_250.jpg,0,0.2139816,0,28.35329
D:\Self-Driving-Car Data\IMG\center_2023_09_28_15_24_53_322.jpg,D:\Self-Driving-Car Data\IMG\left_2023_09_28_15_24_53_322.jpg,D:\Self-Driving-Car Data\IMG\right_2023_09_28_15_24_53_322.jpg,0,0,0,28.21181
D:\Self-Driving-Car Data\IMG\center_2023_09_28_15_24_53_398.jpg,D:\Self-Driving-Car Data\IMG\left_2023_09_28_15_24_53_398.jpg,D:\Self-Driving-Car Data\IMG\right_2023_09_28_15_24_53_398.jpg,0,0,0,28.03453
D:\Self-Driving-Car Data\IMG\center_2023_09_28_15_24_53_466.jpg,D:\Self-Driving-Car Data\IMG\left_2023_09_28_15_24_53_466.jpg,D:\Self-Driving-Car Data\IMG\right_2023_09_28_15_24_53_466.jpg,0,0,0,27.80619
D:\Self-Driving-Car Data\IMG\center_2023_09_28_15_24_53_532.jpg,D:\Self-Driving-Car Data\IMG\left_2023_09_28_15_24_53_532.jpg,D:\Self-Driving-Car Data\IMG\right_2023_09_28_15_24_53_532.jpg,0,0,0,27.63683
D:\Self-Driving-Car Data\IMG\center_2023_09_28_15_24_53_609.jpg,D:\Self-Driving-Car Data\IMG\left_2023_09_28_15_24_53_609.jpg,D:\Self-Driving-Car Data\IMG\right_2023_09_28_15_24_53_609.jpg,0,0,0,27.41254
D:\Self-Driving-Car Data\IMG\center_2023_09_28_15_24_53_688.jpg,D:\Self-Driving-Car Data\IMG\left_2023_09_28_15_24_53_688.jpg,D:\Self-Driving-Car Data\IMG\right_2023_09_28_15_24_53_688.jpg,0,0,0,27.1905
D:\Self-Driving-Car Data\IMG\center_2023_09_28_15_24_53_765.jpg,D:\Self-Driving-Car Data\IMG\left_2023_09_28_15_24_53_765.jpg,D:\Self-Driving-Car Data\IMG\right_2023_09_28_15_24_53_765.jpg,0,0,0,26.97049
D:\Self-Driving-Car Data\IMG\center_2023_09_28_15_24_53_836.jpg,D:\Self-Driving-Car Data\IMG\left_2023_09_28_15_24_53_836.jpg,D:\Self-Driving-Car Data\IMG\right_2023_09_28_15_24_53_836.jpg,0,0,0,26.80664
D:\Self-Driving-Car Data\IMG\center_2023_09_28_15_24_53_912.jpg,D:\Self-Driving-Car Data\IMG\left_2023_09_28_15_24_53_912.jpg,D:\Self-Driving-Car Data\IMG\right_2023_09_28_15_24_53_912.jpg,0,0,0,26.58907
D:\Self-Driving-Car Data\IMG\center_2023_09_28_15_24_53_990.jpg,D:\Self-Driving-Car Data\IMG\left_2023_09_28_15_24_53_990.jpg,D:\Self-Driving-Car Data\IMG\right_2023_09_28_15_24_53_990.jpg,0,0,0,26.37271
D:\Self-Driving-Car Data\IMG\center_2023_09_28_15_24_54_056.jpg,D:\Self-Driving-Car Data\IMG\left_2023_09_28_15_24_54_056.jpg,D:\Self-Driving-Car Data\IMG\right_2023_09_28_15_24_54_056.jpg,0,0,0,26.21163
D:\Self-Driving-Car Data\IMG\center_2023_09_28_15_24_54_128.jpg,D:\Self-Driving-Car Data\IMG\left_2023_09_28_15_24_54_128.jpg,D:\Self-Driving-Car Data\IMG\right_2023_09_28_15_24_54_128.jpg,0,0,0,25.9985
D:\Self-Driving-Car Data\IMG\center_2023_09_28_15_24_54_205.jpg,D:\Self-Driving-Car Data\IMG\left_2023_09_28_15_24_54_205.jpg,D:\Self-Driving-Car Data\IMG\right_2023_09_28_15_24_54_205.jpg,0,0,0,25.78895
D:\Self-Driving-Car Data\IMG\center_2023_09_28_15_24_54_276.jpg,D:\Self-Driving-Car Data\IMG\left_2023_09_28_15_24_54_276.jpg,D:\Self-Driving-Car Data\IMG\right_2023_09_28_15_24_54_276.jpg,0,0,0,25.63278
D:\Self-Driving-Car Data\IMG\center_2023_09_28_15_24_54_347.jpg,D:\Self-Driving-Car Data\IMG\left_2023_09_28_15_24_54_347.jpg,D:\Self-Driving-Car Data\IMG\right_2023_09_28_15_24_54_347.jpg,0,0,0,25.42583
D:\Self-Driving-Car Data\IMG\center_2023_09_28_15_24_54_419.jpg,D:\Self-Driving-Car Data\IMG\left_2023_09_28_15_24_54_419.jpg,D:\Self-Driving-Car Data\IMG\right_2023_09_28_15_24_54_419.jpg,0,0,0,25.27221
D:\Self-Driving-Car Data\IMG\center_2023_09_28_15_24_54_495.jpg,D:\Self-Driving-Car Data\IMG\left_2023_09_28_15_24_54_495.jpg,D:\Self-Driving-Car Data\IMG\right_2023_09_28_15_24_54_495.jpg,0,0,0,25.07007
D:\Self-Driving-Car Data\IMG\center_2023_09_28_15_24_54_569.jpg,D:\Self-Driving-Car Data\IMG\left_2023_09_28_15_24_54_569.jpg,D:\Self-Driving-Car Data\IMG\right_2023_09_28_15_24_54_569.jpg,0,0,0,24.86961
D:\Self-Driving-Car Data\IMG\center_2023_09_28_15_24_54_638.jpg,D:\Self-Driving-Car Data\IMG\left_2023_09_28_15_24_54_638.jpg,D:\Self-Driving-Car Data\IMG\right_2023_09_28_15_24_54_638.jpg,0,0,0,24.72034
D:\Self-Driving-Car Data\IMG\center_2023_09_28_15_24_54_835.jpg,D:\Self-Driving-Car Data\IMG\left_2023_09_28_15_24_54_835.jpg,D:\Self-Driving-Car Data\IMG\right_2023_09_28_15_24_54_835.jpg,0,0,0,21.82797
